id,class-0,class-1,class-2,class-3,class-4,class-5
6639,0.829334557056427,0.09255901724100113,0.014117932878434658,0.05881151184439659,0.005176943261176348,0
9603,0.2815052568912506,0.6897889375686646,0.02832898683845997,1.2426949069777038e-05,0.00036446910235099494,0
12234,0.6531504392623901,0.2670280337333679,0.017403503879904747,0.06064513325691223,0.0017729358514770865,0
16535,0.21300671994686127,0.6253833770751953,0.16034191846847534,0.0002892482152674347,0.000978797790594399,0
18157,0.45186325907707214,0.5389677882194519,0.008845614269375801,0.0003083185583818704,1.5022591469460167e-05,0
33302,1.1599322391475653e-08,0.5788155794143677,0.4211844205856323,5.863985542523324e-31,1.045382793133544e-18,0
37190,0.00012348599557299167,0.9826235175132751,0.01725291647017002,2.4608537430026445e-11,1.3890876005007158e-07,0
43051,0.17596805095672607,0.4991280138492584,0.32379308342933655,2.1472854427884158e-07,0.001110624405555427,0
43373,3.212743294074154e-16,0.9924564361572266,0.007543567102402449,1.586394296919325e-38,6.051040157373786e-26,0
51487,5.3703611229138914e-06,0.1958039402961731,0.8041906952857971,6.624840027449343e-16,2.144833061157314e-10,0
54573,0.0025141548831015825,0.9355773329734802,0.06190833821892738,4.612439943874058e-11,1.6120347368087096e-07,0
87367,0.41029974818229675,0.4783563017845154,0.107847198843956,0.0031085023656487465,0.00038834699080325663,0
134848,0.8499579429626465,0.060934536159038544,0.005090609658509493,0.08294875174760818,0.0010681727435439825,0
141876,0.8206588625907898,0.06013138219714165,0.005075613968074322,0.11252686381340027,0.0016072056023404002,0
145313,0.9223382472991943,0.06351194530725479,0.0046903896145522594,0.009405759163200855,5.3620333346771076e-05,0
145540,0.6474270224571228,0.26468345522880554,0.01739378087222576,0.06839502602815628,0.0021007072646170855,0
153664,4.081331098859664e-06,0.2832854390144348,0.7167104482650757,4.80522384867195e-21,2.9261077068298835e-13,0
153669,0.0006176697206683457,0.5909759998321533,0.40840625762939453,7.03243514040431e-15,1.3211578497873688e-09,0
153696,0.6278049349784851,0.32806363701820374,0.02525671012699604,0.018534893169999123,0.00033988303039222956,0
155030,0.8479255437850952,0.08832339197397232,0.00610274076461792,0.05658723786473274,0.001061048242263496,0
157992,0.20966120064258575,0.7285099625587463,0.061301860958337784,0.0004436894378159195,8.32512232591398e-05,0
159271,0.7600544691085815,0.1357177197933197,0.01305423304438591,0.09004882723093033,0.0011246525682508945,0
162411,0.9486886858940125,0.007354201283305883,0.0011402011150494218,0.018628910183906555,0.024187983945012093,0
171275,0.9525344371795654,0.004127360414713621,0.04249615594744682,0.00015940221783239394,0.000682636396959424,0
171385,0.7998994588851929,0.108878955245018,0.05051941052079201,0.035640276968479156,0.005061945877969265,0
171757,0.9001370668411255,0.03800447657704353,0.0035874275490641594,0.057550616562366486,0.0007204691646620631,0
172074,0.7141225337982178,0.007458431646227837,0.0003113369457423687,0.27018946409225464,0.007918301969766617,0
184771,0.8244797587394714,0.07569678127765656,0.054065123200416565,0.04225478321313858,0.00350355077534914,0
187244,0.903182864189148,0.06218262389302254,0.004946697503328323,0.029426177963614464,0.0002616241399664432,0
194210,0.7566226124763489,0.12828485667705536,0.008995382115244865,0.10014638304710388,0.005950817372649908,0
194662,0.6668983697891235,0.2726631164550781,0.017335738986730576,0.042042843997478485,0.0010598674416542053,0
194784,0.755401074886322,0.13488557934761047,0.013027884066104889,0.09546329826116562,0.0012220778735354543,0
194787,0.8413755893707275,0.06274383515119553,0.01405943464487791,0.07686461508274078,0.00495655182749033,0
197722,0.7529822587966919,0.13445305824279785,0.013012977316975594,0.0982779860496521,0.0012737385695800185,0
198688,0.46065959334373474,0.5319948792457581,0.006595932878553867,0.0007416399312205613,7.981127964740153e-06,0
200295,0.8819525837898254,0.0013170845340937376,0.00023368890106212348,0.06203719601035118,0.054459430277347565,0
205590,0.7866547107696533,0.04754137247800827,0.003985611721873283,0.1460380256175995,0.01578029990196228,0
208910,0.8390295505523682,0.14607460796833038,0.00548747880384326,0.007973535917699337,0.0014349318807944655,0
215918,0.9364456534385681,0.02257820963859558,9.996370499720797e-05,0.013407415710389614,0.02746870368719101,0
220232,0.8792688250541687,0.040677785873413086,0.002196260029450059,0.06457038223743439,0.013286682777106762,0
224225,0.10456530004739761,8.016871542283271e-18,9.299288240685272e-22,0.8928101658821106,0.002624443732202053,0
230891,0.9088212251663208,0.03636288270354271,0.00285267923027277,0.050850458443164825,0.0011127317557111382,0
240359,0.7371039390563965,0.13161422312259674,0.012897039763629436,0.1167551800608635,0.0016295496607199311,0
253700,0.830251932144165,0.06043750420212746,0.005085698328912258,0.10280153155326843,0.0014233754482120275,0
254124,0.06736041605472565,0.7431073784828186,0.189491868019104,6.61488456898951e-06,3.367964018252678e-05,0
274160,0.11733739823102951,0.6502161026000977,0.23237599432468414,1.608475940884091e-06,6.887011113576591e-05,0
275880,0.9544519186019897,0.03833967074751854,0.0020255474373698235,0.0051399520598351955,4.291888399166055e-05,0
285261,0.9126852750778198,0.01416423637419939,0.0007732908707112074,0.07164537161588669,0.0007319172145798802,0
285508,0.7935177087783813,0.15720869600772858,0.021363411098718643,0.027598613873124123,0.0003115165454801172,0
287190,0.8221585750579834,0.14684176445007324,0.01268591359257698,0.018194204196333885,0.00011958718823734671,0
293498,0.756909191608429,0.2045440822839737,0.014972665347158909,0.023295562714338303,0.00027845875592902303,0
303851,0.8414773941040039,0.15626958012580872,0.0001469661801820621,0.00040312446071766317,0.0017029941082000732,0
306113,0.7946596145629883,0.07724779844284058,0.0036985757760703564,0.11369839310646057,0.010695633478462696,0
312522,0.9648785591125488,0.006582940462976694,0.00028283754363656044,0.02806050516664982,0.00019504412193782628,0
313437,0.7913354635238647,0.05900341644883156,0.005021694116294384,0.14242930710315704,0.0022100438363850117,0
315861,0.07443907111883163,0.8822096586227417,0.043241944164037704,7.140468369470909e-05,3.7811725633218884e-05,0
317071,0.7799414396286011,0.13927508890628815,0.013122552074491978,0.06692210584878922,0.0007387478253804147,0
318091,0.8028802871704102,0.02828144282102585,0.001959896180778742,0.16443490982055664,0.0024434549268335104,0
320329,0.8313171863555908,0.038210369646549225,0.005201495252549648,0.11021542549133301,0.015055519528687,0
323682,0.7119766473770142,0.1271229237318039,0.012664479203522205,0.1459868997335434,0.002249033423140645,0
339682,0.7763835191726685,0.13863852620124817,0.013116654939949512,0.07105729728937149,0.000804004492238164,0
340367,0.6846007704734802,0.1849597543478012,0.015074105933308601,0.11280340701341629,0.002562116365879774,0
342063,0.7674623131752014,9.375545778311789e-05,5.749270144406182e-07,0.19624431431293488,0.036198996007442474,0
348229,0.2984272241592407,0.6926604509353638,0.007541842292994261,0.0004854326252825558,0.0008850031299516559,0
350376,0.7209392189979553,0.24955272674560547,0.022244250401854515,0.005989536643028259,0.0012742327526211739,0
350934,0.8140897750854492,0.14539222419261932,0.012902495451271534,0.02740401029586792,0.00021147701772861183,0
352565,0.7577581405639648,0.13530705869197845,0.013041642494499683,0.09272070974111557,0.0011724059004336596,0
352578,0.7282356023788452,0.13002894818782806,0.012820888310670853,0.12707406282424927,0.0018404856091365218,0
352642,0.967214047908783,0.0020963060669600964,6.660515646217391e-05,0.027879880741238594,0.002743138000369072,0
354156,0.7706677913665771,0.13761594891548157,0.013100826181471348,0.07770298421382904,0.0009123683557845652,0
354992,0.9079951047897339,0.06251554936170578,0.004911943804472685,0.02437616139650345,0.0002012525947066024,0
356157,0.8346515893936157,0.1491031050682068,0.011762281879782677,0.004466091748327017,1.705226350168232e-05,0
356192,0.7745298147201538,0.13830696046352386,0.013112344779074192,0.07321222871541977,0.0008386760018765926,0
356352,0.830614447593689,0.14836746454238892,0.012223133817315102,0.008751598186790943,4.3304029532009736e-05,0
361019,0.7113559246063232,0.09747345745563507,0.0074385725893080235,0.17432613670825958,0.009405864402651787,0
365304,0.7677990198135376,0.0961073637008667,0.010320775210857391,0.12208857387304306,0.0036842559929937124,0
366472,0.6356509923934937,0.3322044312953949,0.024188218638300896,0.007853138260543346,0.00010318734712200239,0
380128,0.7770543098449707,0.21009618043899536,0.012203085236251354,0.0006445643957704306,1.933258772623958e-06,0
381123,0.6696339845657349,0.1694343537092209,0.01808215118944645,0.1381256878376007,0.00472384225577116,0
385964,0.7872638702392578,0.058827999979257584,0.005011935718357563,0.14659787714481354,0.002298409352079034,0
387272,0.5899760127067566,0.026587963104248047,0.38333016633987427,5.650006278301589e-05,4.941605220665224e-05,0
388188,0.6304726600646973,0.17032292485237122,0.01437726616859436,0.17979009449481964,0.005037142429500818,0
415452,0.5135113596916199,0.00046238634968176484,7.967744022607803e-05,0.3114137351512909,0.17453275620937347,0
417559,0.8459272384643555,0.03915143758058548,0.11484751105308533,4.084223837708123e-05,3.2966534490697086e-05,0
424768,0.8426209092140198,0.13282901048660278,0.00705706886947155,0.0171652864664793,0.0003276598872616887,0
424893,0.949650764465332,0.00013002163905184716,0.0017072150949388742,0.001857982948422432,0.04665399715304375,0
433214,0.003670871490612626,0.9265105724334717,0.06981849670410156,4.536472759941734e-12,1.0022595375858145e-07,0
438589,0.7498543858528137,0.16422651708126068,0.0305464044213295,0.052660416811704636,0.002712369430810213,0
441872,0.5448077321052551,0.04812312871217728,0.4070355296134949,8.943215107137803e-06,2.4633645807625726e-05,0
443817,0.030732877552509308,2.8252834100017665e-13,3.9302816643577154e-14,0.9461049437522888,0.023162180557847023,0
445289,0.8156732320785522,0.08495765924453735,0.00606740964576602,0.0912177637219429,0.0020838985219597816,0
452779,0.49830612540245056,0.17335230112075806,0.326307088136673,0.0012781086843460798,0.0007564877741970122,0
453578,0.16008101403713226,0.6764898300170898,0.1633950024843216,1.3358402611629572e-05,2.0786728782695718e-05,0
456742,0.8261668086051941,0.14756396412849426,0.012513541616499424,0.013675170950591564,8.04325463832356e-05,0
461600,0.945412278175354,0.03797094523906708,0.00214313343167305,0.014296429231762886,0.00017720663163345307,0
465081,0.6133499145507812,0.320474773645401,0.02592621184885502,0.039280399680137634,0.000968694337643683,0
465865,0.8092204928398132,0.17753936350345612,0.008874580264091492,0.0036595568526536226,0.0007060114876367152,0
469329,0.7622913718223572,0.13611774146556854,0.013065697625279427,0.08744645118713379,0.001078749424777925,0
469860,0.7686570286750793,0.13725626468658447,0.013093601912260056,0.08004158735275269,0.0009515033452771604,0
474769,0.903182864189148,0.06218262389302254,0.004946697503328323,0.029426177963614464,0.0002616241399664432,0
484730,0.2357448935508728,0.7211365699768066,0.04172263294458389,0.0011439170921221375,0.00025199438096024096,0
490329,0.7505002617835999,0.1340092569589615,0.012996835634112358,0.10116619616746902,0.0013274558586999774,0
494200,0.6678436398506165,0.2730512320995331,0.01732453517615795,0.04076563939452171,0.0010150620946660638,0
496975,0.7218888998031616,3.382824797881767e-05,5.2913324907422066e-05,0.019655395299196243,0.25836896896362305,0
506879,0.8362526297569275,0.06060938537120819,0.005089635029435158,0.09673649817705154,0.0013119388604536653,0
506973,0.8482008576393127,0.05113019421696663,0.016705358400940895,0.0757107362151146,0.008252858184278011,0
509493,0.7482478618621826,0.20219236612319946,0.015171930193901062,0.03391766920685768,0.00047016472672112286,0
515129,0.806702733039856,0.05962676182389259,0.005053837783634663,0.12673012912273407,0.0018866360187530518,0
515282,0.7187079787254333,0.12832598388195038,0.012731623835861683,0.13815787434577942,0.00207651499658823,0
516645,0.509041965007782,0.4320508539676666,0.04794495552778244,0.01014710683375597,0.0008151127840392292,0
516957,0.7264536023139954,0.17591363191604614,0.026746436953544617,0.058399513363838196,0.012486898340284824,0
518883,0.8586226105690002,0.008454765193164349,0.0003432304656598717,0.12970560789108276,0.002873870311304927,0
521260,0.7937089204788208,0.14173942804336548,0.013108829967677593,0.05093963071703911,0.0005031884647905827,0
523281,0.7866227626800537,0.11519598960876465,0.04470176249742508,0.014913289807736874,0.03856620937585831,0
523629,0.5545769929885864,0.4116519093513489,0.021912064403295517,0.01136863138526678,0.0004904328379780054,0
524691,0.8073321580886841,0.14418011903762817,0.013008118607103825,0.03517993539571762,0.00029966403963044286,0
529038,0.665852427482605,0.1573311984539032,0.01774694211781025,0.1538301408290863,0.005239245016127825,0
530534,0.7153809070587158,0.12773136794567108,0.012698841281235218,0.14202772080898285,0.0021611934062093496,0
541143,3.9883926206130127e-07,1.0026139236246755e-19,2.5858800898369205e-21,3.8984267121122684e-06,0.9999957084655762,0
545250,0.9126232862472534,0.029199570417404175,0.003018153365701437,0.04305253177881241,0.012106492184102535,0
547863,0.7933749556541443,0.18925315141677856,0.00804075412452221,0.009107433259487152,0.0002237625594716519,0
564378,0.7775586247444153,0.002477167174220085,0.0007457265164703131,0.21497423946857452,0.004244273062795401,0
568493,0.9417227506637573,0.0014629310462623835,0.001960678491741419,0.001736384117975831,0.05311739444732666,0
572854,0.73604416847229,0.015016029588878155,0.0005261807818897069,0.1988130360841751,0.04960053041577339,0
573795,0.7179060578346252,0.009703555144369602,0.00036347180139273405,0.25768497586250305,0.014341933652758598,0
590836,0.8670655488967896,0.00655422592535615,0.00029559878748841584,0.12467458844184875,0.001410056953318417,0
597739,0.684767484664917,0.28000447154045105,0.01683688536286354,0.01806485839188099,0.0003263159014750272,0
606673,0.6157517433166504,0.3217341899871826,0.025867315009236336,0.03579607605934143,0.0008506721933372319,0
608726,0.7665913701057434,0.13688687980175018,0.013085359707474709,0.08244412392377853,0.0009922368917614222,0
609364,0.8379203081130981,0.03241927921772003,0.0018529397202655673,0.10765190422534943,0.020155562087893486,0
611335,0.7631253600120544,0.021596714854240417,0.0009883918100968003,0.20308242738246918,0.011207036674022675,0
620223,0.6858720183372498,0.09987455606460571,0.006646250374615192,0.19775722920894623,0.009850026108324528,0
624053,0.5235540270805359,0.42500293254852295,0.03425956889986992,0.015888990834355354,0.0012944418704137206,0
624058,0.001989959506317973,0.8115063309669495,0.18650373816490173,2.129945959189472e-12,2.0133986922132863e-08,0
625588,0.06838598847389221,0.659532368183136,0.2720809876918793,4.5228049083689825e-10,6.350358034978854e-07,0
626829,0.4175431430339813,0.536781370639801,0.041117869317531586,0.0037436727434396744,0.0008138621342368424,0
629006,0.8723245859146118,0.03934217244386673,0.006481554824858904,0.07048347592353821,0.011368255130946636,0
634879,0.8694159984588623,0.11003226786851883,0.005266918800771236,0.014844676479697227,0.00044014747254550457,0
635467,0.4291829764842987,0.4974372088909149,0.040528662502765656,0.0315994918346405,0.0012517279246822,0
637924,0.8335729241371155,0.08682521432638168,0.006099171470850706,0.07201217859983444,0.0014904317213222384,0
641673,0.7597214579582214,0.06983353942632675,0.0032030383590608835,0.15400075912475586,0.013241217471659184,0
642414,0.6456497311592102,0.12947934865951538,0.18068291246891022,0.03489150479435921,0.009296548552811146,0
650229,0.8169130682945251,0.14589905738830566,0.012840942479670048,0.024169456213712692,0.00017752975691109896,0
654526,0.8290063142776489,0.11523943394422531,0.004672945477068424,0.05032403767108917,0.0007572879549115896,0
654546,1.7029660739353858e-05,0.6003543138504028,0.3996286392211914,1.3158991126574414e-23,2.086248247724562e-13,0
654565,0.0018703681416809559,0.7679827213287354,0.2301468849182129,2.9943963975043175e-12,1.0097251035290356e-08,0
656391,0.9615529179573059,0.030417928472161293,0.0033040570560842752,0.004014934878796339,0.0007101630908437073,0
660802,0.6846007704734802,0.1849597543478012,0.015074105933308601,0.11280340701341629,0.002562116365879774,0
660833,0.7745298147201538,0.13830696046352386,0.013112344779074192,0.07321222871541977,0.0008386760018765926,0
661071,0.9268641471862793,0.027467379346489906,0.0008917237282730639,0.04329801723361015,0.001478689955547452,0
664173,0.39774927496910095,0.5465851426124573,0.04685923457145691,0.008206391707062721,0.0005999165587127209,0
667618,0.6426058411598206,0.1613592505455017,0.01587161421775818,0.17467139661312103,0.0054918378591537476,0
678280,0.8421705961227417,0.008365432731807232,0.0003410078352317214,0.1457567811012268,0.0033661292400211096,0
682851,0.7644699215888977,0.13650734722614288,0.013076068833470345,0.08491206169128418,0.0010346324415877461,0
684844,0.08005031943321228,0.8498742580413818,0.07003483176231384,5.202223746891832e-06,3.539587487466633e-05,0
697211,0.8139163255691528,0.16128858923912048,0.019645288586616516,0.0051196725107729435,3.003903475473635e-05,0
699565,0.7625654339790344,0.07679610699415207,0.00978357158601284,0.14124087989330292,0.009613987058401108,0
701149,0.7640867233276367,0.10041505843400955,0.009447024203836918,0.11851144582033157,0.0075396643951535225,0
701163,0.776731550693512,0.16975152492523193,0.018722016364336014,0.03197762742638588,0.0028172656893730164,0
709493,0.7586340308189392,0.20501303672790527,0.014914311468601227,0.021194497123360634,0.00024413358187302947,0
710796,0.17278672754764557,0.6338038444519043,0.19323469698429108,9.038277494255453e-05,8.430724847130477e-05,0
714375,0.8362526297569275,0.06060938537120819,0.005089635029435158,0.09673649817705154,0.0013119388604536653,0
714584,0.7327495813369751,0.0036302595399320126,7.192439079517499e-05,0.22569647431373596,0.03785179182887077,0
720739,0.7514826059341431,0.20307008922100067,0.015112446621060371,0.029939785599708557,0.0003950272803194821,0
723254,0.9891088008880615,0.0012806080048903823,9.941880853148177e-05,0.009461667388677597,4.9550537369214e-05,0
725824,0.6515790820121765,0.19414900243282318,0.016626928001642227,0.13340695202350616,0.004237977322191,0
738002,0.7543832063674927,0.17011888325214386,0.009469898417592049,0.062263984233140945,0.0037640193477272987,0
769883,0.5332184433937073,0.4037763774394989,0.049141641706228256,0.012839233502745628,0.0010242910357192159,0
788403,0.3528229594230652,0.0021820946130901575,4.73157488158904e-05,0.06561750173568726,0.5793301463127136,0
807069,0.7399187088012695,0.1321173757314682,0.01291965413838625,0.11347983777523041,0.0015644028317183256,0
809213,0.7909442782402039,0.14124439656734467,0.013117118738591671,0.05414595082402229,0.0005482308333739638,0
810658,0.24170193076133728,0.7133485078811646,0.04465099796652794,7.015727169346064e-05,0.00022843526676297188,0
814375,0.7794267535209656,0.1679021716117859,0.00981007982045412,0.036252155900001526,0.006608858238905668,0
819774,0.629002034664154,0.12887278199195862,0.01898503489792347,0.21797440946102142,0.005165706854313612,0
833282,0.8879367709159851,0.06112905219197273,0.005005561746656895,0.04544822871685028,0.0004803068586625159,0
837913,0.6714582443237305,0.1798689067363739,0.018329689279198647,0.12601850926876068,0.004324639216065407,0
841598,0.755401074886322,0.13488557934761047,0.013027884066104889,0.09546329826116562,0.0012220778735354543,0
842967,0.8592435121536255,0.08363436162471771,0.018541347235441208,0.034688640385866165,0.003892156295478344,0
847032,0.8022259473800659,0.14326481521129608,0.013059722259640694,0.041077371686697006,0.0003721759421750903,0
848803,0.7342194318771362,0.13109849393367767,0.012873079627752304,0.12011177837848663,0.0016972203738987446,0
849130,0.7158520817756653,0.07455114275217056,0.005641189869493246,0.1975780427455902,0.006377527490258217,0
853989,0.9577230215072632,0.0008978644036687911,6.696295167785138e-05,0.04083520546555519,0.00047687493497505784,0
860262,0.6939810514450073,0.2823030352592468,0.009334269911050797,0.014034961350262165,0.00034653645707294345,0
862930,0.6700016856193542,0.22276917099952698,0.04093445464968681,0.06384103745222092,0.002453582128509879,0
870045,0.21574364602565765,0.3375537097454071,0.44669923186302185,1.1218298823223449e-07,3.3220580917259213e-06,0
875961,0.7823999524116516,0.08930324763059616,0.0029817172326147556,0.10524893552064896,0.02006618306040764,0
878464,0.6920878887176514,0.18698516488075256,0.015145058743655682,0.10351613163948059,0.002265691990032792,0
878477,0.7012853026390076,0.11226211488246918,0.027861515060067177,0.15191306173801422,0.006677962839603424,0
888866,0.7798649668693542,0.18339818716049194,0.014017168432474136,0.020945876836776733,0.001773842261172831,0
894636,0.5995370745658875,0.3555756211280823,0.020790275186300278,0.023189226165413857,0.000907721696421504,0
896521,0.7686570286750793,0.13725626468658447,0.013093601912260056,0.08004158735275269,0.0009515033452771604,0
905327,0.6431282162666321,0.34922900795936584,0.005974475760012865,0.0016528983833268285,1.542459722259082e-05,0
907134,0.6818634271621704,0.12174182385206223,0.012330452911555767,0.18098659813404083,0.00307764601893723,0
912853,0.6719895005226135,0.18627884984016418,0.01846425235271454,0.11916931718587875,0.004098046105355024,0
912901,0.693766713142395,0.12386877089738846,0.012468385510146618,0.16715703904628754,0.0027391340117901564,0
919306,0.8399620652198792,0.00028898747405037284,1.615485416550655e-05,0.15799497067928314,0.0017378334887325764,0
923145,0.6661745309829712,0.22936411201953888,0.019076738506555557,0.08250996470451355,0.002874743891879916,0
930552,0.9695465564727783,0.0008621272863820195,0.029007211327552795,4.421420089784078e-05,0.0005399265210144222,0
933911,0.9253042936325073,0.037906061857938766,0.002240979578346014,0.03397156670689583,0.0005771151627413929,0
949622,0.6468595862388611,0.1719619184732437,0.01615137979388237,0.1599799245595932,0.005047264043241739,0
956104,0.7054435014724731,0.19059884548187256,0.015247637405991554,0.08694286644458771,0.0017670902889221907,0
956367,0.7725723385810852,0.18425588309764862,0.008520258590579033,0.03329455107450485,0.0013569957809522748,0
958263,0.44035130739212036,0.48258283734321594,0.06978241354227066,0.006782044656574726,0.0005015888018533587,0
958473,0.7091377377510071,0.0027385111898183823,6.071403549867682e-05,0.26378312706947327,0.024279920384287834,0
961757,0.8943429589271545,0.029701577499508858,0.002001754939556122,0.07313207536935806,0.0008216070709750056,0
961917,0.9111692905426025,0.04555300995707512,0.03984035179018974,0.002047165995463729,0.0013902451610192657,0
970116,0.69600909948349,0.07248333841562271,0.005530215799808502,0.21856524050235748,0.007412080653011799,0
970547,0.7992005348205566,0.059330426156520844,0.005039116833359003,0.13438735902309418,0.002042504260316491,0
972627,0.8890125751495361,0.013166147284209728,0.0020522656850516796,0.09446217119693756,0.0013067804975435138,0
974186,0.7600544691085815,0.1357177197933197,0.01305423304438591,0.09004882723093033,0.0011246525682508945,0
974336,0.7957946062088013,0.07824567705392838,0.003711915574967861,0.11173004657030106,0.010517680086195469,0
975814,0.9468502998352051,0.03638678044080734,0.005486733745783567,0.01121873501688242,5.7472923799650744e-05,0
983065,0.8549528121948242,0.06102582812309265,0.005087726749479771,0.07795042544603348,0.0009832261130213737,0
996693,0.9236497282981873,0.004908938892185688,0.0016742856241762638,0.02717115543782711,0.04259590804576874,0
997445,0.9800699949264526,0.018111638724803925,0.0005421758978627622,0.001245932886376977,3.0293238523881882e-05,0
998499,0.3122710883617401,0.6557872891426086,0.028989847749471664,0.0027680739294737577,0.00018372091290075332,0
1000308,0.7763835191726685,0.13863852620124817,0.013116654939949512,0.07105729728937149,0.000804004492238164,0
1003019,0.8827164769172668,0.006557461339980364,0.0036325883120298386,0.08278557658195496,0.024307921528816223,0
1005652,0.783308207988739,0.1398775428533554,0.013125013560056686,0.06301075965166092,0.0006786072044633329,0
1019154,0.8598271012306213,0.06815515458583832,0.017841653898358345,0.04877122864127159,0.005404862575232983,0
1019717,0.6468809247016907,0.0018223965307697654,0.00012894056271761656,0.3295920491218567,0.02157575823366642,0
1020682,0.7049328684806824,0.12586411833763123,0.012590976431965828,0.15417753159999847,0.0024345892015844584,0
1020838,0.7679895162582397,0.00016093289013952017,7.382660987786949e-05,0.019308211281895638,0.21246758103370667,0
1029496,0.7259150147438049,0.14621594548225403,0.024418992921710014,0.09915154427289963,0.004298525396734476,0
1030512,0.29223641753196716,0.6570802927017212,0.038169264793395996,0.011580737307667732,0.0009333179332315922,0
1042296,0.9249902367591858,0.04775133728981018,0.01406814530491829,0.010697402991354465,0.002492876024916768,0
1042375,0.8074918389320374,0.16986966133117676,0.005340402480214834,0.017024116590619087,0.0002739998453762382,0
1043712,0.8112425208091736,0.028982706367969513,0.03435583785176277,0.1153634563088417,0.010055468417704105,0
1048115,0.005723573267459869,0.7695232629776001,0.22475309669971466,1.7169796400623438e-12,1.6553313386680202e-08,0
1048524,0.7372958660125732,0.1651906967163086,0.0946357324719429,0.002278737025335431,0.0005989709170535207,0
1048768,0.7332001328468323,0.22347486019134521,0.013067726045846939,0.02913774736225605,0.0011195079423487186,0
1049318,0.7399187088012695,0.1321173757314682,0.01291965413838625,0.11347983777523041,0.0015644028317183256,0
1054820,0.19756339490413666,0.7551312446594238,0.04652847349643707,0.0005774877499789,0.00019935794989578426,0
1060545,0.9069095849990845,0.01971169002354145,0.009925562888383865,0.050562936812639236,0.012890287674963474,0
1062947,0.6990254521369934,0.18886229395866394,0.015202594920992851,0.09490793198347092,0.0020017579663544893,0
1064047,0.034996770322322845,0.10933059453964233,0.8556442856788635,2.743648292380385e-05,9.553203881296213e-07,0
1065429,0.9999778270721436,2.2128431737655774e-05,1.776251501439674e-08,5.560834992479613e-08,1.0890768842308773e-10,0
1070506,0.7329023480415344,0.11549635976552963,0.007076068315654993,0.13833601772785187,0.006189229432493448,0
1070514,0.3796904683113098,1.0455859511537824e-09,1.6494686476062337e-12,0.6158011555671692,0.0045083207078278065,0
1080047,0.9834119081497192,0.015232651494443417,0.0006360146799124777,0.0007161183166317642,3.2443751933897147e-06,0
1082784,0.8387131690979004,0.11632908880710602,0.015129366889595985,0.0266798697412014,0.003148474032059312,0
1092912,0.7665913701057434,0.13688687980175018,0.013085359707474709,0.08244412392377853,0.0009922368917614222,0
1096803,0.9117676615715027,3.959636174499792e-09,4.0005342788473897e-11,0.08395928889513016,0.004273067228496075,0
1098914,0.7864919304847717,0.14044751226902008,0.01312415860593319,0.05931320786476135,0.0006232078303582966,0
1110459,0.8127936124801636,0.12188128381967545,0.01792406477034092,0.0460040308535099,0.0013970156433060765,0
1119256,0.7659573554992676,0.007293670903891325,0.0008576089167036116,0.2185613363981247,0.0073300739750266075,0
1120332,3.021038901351858e-05,0.7556312680244446,0.24433855712413788,1.0842049021815259e-17,3.103124007752811e-11,0
1121741,0.9554198384284973,0.005113007966428995,0.002834971761330962,0.008306944742798805,0.028325272724032402,0
1134967,0.8351433277130127,0.06981457769870758,0.014688621275126934,0.07344591617584229,0.006907680071890354,0
1138043,0.6648308038711548,0.17961303889751434,0.014851530082523823,0.13730448484420776,0.003400088520720601,0
1146140,0.1888493001461029,0.004567996598780155,1.1544351764314342e-05,0.01820603758096695,0.7883650660514832,0
1151022,0.6545817255973816,0.2487829029560089,0.0881793275475502,0.00795095693320036,0.0005051764892414212,0
1153693,0.7741543054580688,0.09314064681529999,0.0075454106554389,0.1195020005106926,0.0056575932539999485,0
1164511,0.8593452572822571,0.08951607346534729,0.006083795800805092,0.04430236294865608,0.000752579013351351,0
1165702,0.08102893829345703,0.7683967351913452,0.15038450062274933,0.00014246825594455004,4.7397366870427504e-05,0
1166480,0.8334048390388489,0.003008817322552204,0.00011106464080512524,0.16163155436515808,0.0018436830723658204,0
1172873,0.5402498841285706,0.3425886631011963,0.11643840372562408,0.0007095398032106459,1.3547254638979211e-05,0
1184467,0.7577596306800842,0.1743776649236679,0.03713803365826607,0.028956398367881775,0.0017682950710877776,0
1185944,0.513605535030365,0.4348072111606598,0.03466269001364708,0.015689780935645103,0.001234736293554306,0
1186090,0.783308207988739,0.1398775428533554,0.013125013560056686,0.06301075965166092,0.0006786072044633329,0
1189192,0.8762753009796143,0.02078678086400032,0.05041269585490227,0.04615838825702667,0.006366823799908161,0
1190937,0.2917305529117584,0.6380917429924011,0.06940960884094238,0.0004765493795275688,0.0002915377845056355,0
1193406,0.5058773756027222,0.4342552125453949,0.036699529737234116,0.02180423028767109,0.0013637602096423507,0
1194553,0.8348047137260437,0.0507170706987381,0.0027228447142988443,0.10694281756877899,0.004812543746083975,0
1199354,0.8106406927108765,0.006778173614293337,0.0004955101176165044,0.06029130145907402,0.12179426103830338,0
1202647,0.8581003546714783,0.02931753732264042,0.0020025591365993023,0.1091761365532875,0.0014033387415111065,0
1206694,0.6719895005226135,0.18627884984016418,0.01846425235271454,0.11916931718587875,0.004098046105355024,0
1214168,0.673486053943634,0.0002511939383111894,2.038775164692197e-06,0.18355070054531097,0.1427101045846939,0
1228056,0.6493452787399292,0.18068253993988037,0.016355091705918312,0.14890630543231964,0.004710851237177849,0
1234161,0.3203652501106262,0.6538013219833374,0.02364322356879711,0.0021438777912408113,4.632423588191159e-05,0
1235661,0.6910994052886963,0.03885309398174286,0.0028977170586586,0.24486397206783295,0.02228585071861744,0
1240649,0.7453427314758301,0.13308703899383545,0.012960805557668209,0.1071680411696434,0.0014413604512810707,0
1248359,0.7512499690055847,0.04563645273447037,0.0025586916599422693,0.18950319290161133,0.011051613837480545,0
1250682,0.6714160442352295,0.20390553772449493,0.018772296607494354,0.10236657410860062,0.0035396660678088665,0
1256909,0.651030957698822,0.18960969150066376,0.016540799289941788,0.13842715322971344,0.004391402471810579,0
1260971,0.6370581388473511,0.1510968953371048,0.015564432367682457,0.1903172880411148,0.005963205825537443,0
1266229,0.6910942792892456,0.016812851652503014,0.0012813843786716461,0.24909916520118713,0.04171231389045715,0
1268027,0.8319094181060791,0.028191685676574707,0.03272474929690361,0.0981610044836998,0.009013105183839798,0
1270150,0.7913354635238647,0.05900341644883156,0.005021694116294384,0.14242930710315704,0.0022100438363850117,0
1280293,0.7585191130638123,0.14580181241035461,0.009236265905201435,0.08155956864356995,0.004883189219981432,0
1284790,0.5803794264793396,0.053449008613824844,0.32319390773773193,0.038557492196559906,0.004420106764882803,0
1293828,0.9022924900054932,0.06212102621793747,0.004952018614858389,0.030361143872141838,0.00027328947908245027,0
1302007,0.8362526297569275,0.06060938537120819,0.005089635029435158,0.09673649817705154,0.0013119388604536653,0
1303184,0.7963200211524963,0.14220698177814484,0.013097844086587429,0.04791342839598656,0.00046175208990462124,0
1304350,0.008636971935629845,0.851576030254364,0.13978683948516846,8.951791391487163e-11,1.971529002275929e-07,0
1305522,0.6846007704734802,0.1849597543478012,0.015074105933308601,0.11280340701341629,0.002562116365879774,0
1312324,0.7923464179039001,0.14149533212184906,0.01311329286545515,0.05251961946487427,0.0005252407281659544,0
1326954,0.812651515007019,0.10941361635923386,0.06087517365813255,0.015541840344667435,0.0015178201720118523,0
1331288,0.5711240768432617,0.3982914984226227,0.01777368038892746,0.012637976557016373,0.00017271024989895523,0
1335332,0.7088263630867004,0.25227975845336914,0.009706754237413406,0.0274795014411211,0.001707579125650227,0
1339148,0.8641720414161682,0.061148032546043396,0.005076926201581955,0.06877077370882034,0.0008322346839122474,0
1344284,0.7310843467712402,0.18641580641269684,0.028082633391022682,0.051934197545051575,0.0024830056354403496,0
1349252,0.8367112874984741,0.02896331250667572,0.001990647753700614,0.1305490881204605,0.0017856564372777939,0
1358928,0.886473536491394,0.061105597764253616,0.005010963883250952,0.046908579766750336,0.0005013184272684157,0
1361054,0.7665913701057434,0.13688687980175018,0.013085359707474709,0.08244412392377853,0.0009922368917614222,0
1366198,0.6505562663078308,0.2248341143131256,0.017076877877116203,0.10419301688671112,0.0033396773505955935,0
1369123,0.6577292680740356,0.00494452053681016,0.0001466126850573346,0.2555736005306244,0.08160603046417236,0
1369717,0.6644911170005798,0.0863286480307579,0.006300536449998617,0.23143146932125092,0.011448219418525696,0
1373112,0.6807547211647034,0.2280084192752838,0.03431199491024017,0.054384469985961914,0.002540434245020151,0
1384396,0.7781867980957031,0.1389612853527069,0.013120071962475777,0.06896115094423294,0.0007707116310484707,0
1392515,0.7686570286750793,0.13725626468658447,0.013093601912260056,0.08004158735275269,0.0009515033452771604,0
1393503,0.8890674114227295,0.03737707436084747,0.06323598325252533,0.00845025572925806,0.0018691049190238118,0
1413074,0.8271346092224121,0.06034207344055176,0.005082905292510986,0.10595806688070297,0.0014823547098785639,0
1414165,0.7153809070587158,0.12773136794567108,0.012698841281235218,0.14202772080898285,0.0021611934062093496,0
1421812,0.7951252460479736,0.0171615332365036,0.0008698637248016894,0.18187680840492249,0.004966502543538809,0
1423000,0.742664635181427,0.13260823488235474,0.012940904125571251,0.11028456687927246,0.0015017023542895913,0
1426330,0.6125466823577881,0.15616469085216522,0.013898532837629318,0.21127484738826752,0.0061152842827141285,0
1426546,0.4930114150047302,0.47939586639404297,0.02238931506872177,0.004966620821505785,0.00023677253921050578,0
1433058,0.8848852515220642,0.06112932413816452,0.0050180950202047825,0.04844419285655022,0.0005231206305325031,0
1434513,0.7211386561393738,0.20610089600086212,0.02830956131219864,0.04240918159484863,0.0020416101906448603,0
1435467,0.7616865634918213,0.013729649595916271,0.0026593066286295652,0.1931304633617401,0.02879403904080391,0
1435859,0.8040912747383118,0.11489955335855484,0.01203918270766735,0.06412330269813538,0.004846761468797922,0
1436008,0.9891641139984131,0.0007111820741556585,1.7208421922987327e-06,0.00198102043941617,0.00814198236912489,0
1437105,0.5654236674308777,0.3594311475753784,0.042288534343242645,0.03079983778297901,0.0020568380132317543,0
1445945,0.7569550275802612,0.1334749013185501,0.029587341472506523,0.07611339539289474,0.003869421314448118,0
1446828,0.6096333265304565,0.15191587805747986,0.013772392645478249,0.21836648881435394,0.006311853416264057,0
1450575,0.830251932144165,0.06043750420212746,0.005085698328912258,0.10280153155326843,0.0014233754482120275,0
1451015,0.650368332862854,0.2658883333206177,0.01740095019340515,0.06441225856542587,0.0019301288994029164,0
1463296,0.7451209425926208,0.14853142201900482,0.021677343174815178,0.08321377635002136,0.0014564716257154942,0
1470149,0.6466721892356873,0.07756540179252625,0.006038942374289036,0.2570681869983673,0.012655277736485004,0
1470383,0.0004306788614485413,0.9561227560043335,0.04344644770026207,2.040208280096323e-12,6.824363651958265e-08,0
1471804,0.8270806670188904,0.1302213966846466,0.004797259345650673,0.03638719394803047,0.0015133400447666645,0
1480329,0.8467079997062683,0.04412129148840904,0.005426074378192425,0.09119290113449097,0.012551701627671719,0
1485244,0.6892687678337097,0.26677972078323364,0.022755470126867294,0.02043100818991661,0.0007650030311197042,0
1490366,0.701108992099762,0.0730147734284401,0.0055592735297977924,0.21317633986473083,0.0071406313218176365,0
1492493,0.9833536148071289,0.012513674795627594,0.0006219435017555952,0.003496846416965127,1.3918882359575946e-05,0
1493378,0.8641720414161682,0.061148032546043396,0.005076926201581955,0.06877077370882034,0.0008322346839122474,0
1505342,0.8397367000579834,0.1500706821680069,0.009911940433084965,0.00028020626632496715,3.700495483371924e-07,0
1509818,0.7665913701057434,0.13688687980175018,0.013085359707474709,0.08244412392377853,0.0009922368917614222,0
1513690,0.7837691903114319,0.1552695333957672,0.021584760397672653,0.03887394443154335,0.0005026046419516206,0
1520690,0.18514709174633026,0.7911562323570251,0.023151421919465065,0.00039324918179772794,0.00015194971638265997,0
1534260,0.6139231324195862,0.1583113819360733,0.013960085809230804,0.2077869474887848,0.0060184611938893795,0
1536862,0.6517807245254517,0.19643744826316833,0.016668280586600304,0.13095074892044067,0.004162807948887348,0
1556669,0.7895018458366394,0.14098629355430603,0.013120202347636223,0.05581940710544586,0.0005721952184103429,0
1557235,0.7824639081954956,0.03598256781697273,0.002246848540380597,0.1741832196712494,0.005123476963490248,0
1558598,0.76469486951828,0.1737656146287918,0.010494858957827091,0.047895271331071854,0.003149436553940177,0
1577044,0.7033599019050598,0.1900351345539093,0.015233958140015602,0.08952866494655609,0.0018422483699396253,0
1585652,0.7041254639625549,0.05474420636892319,0.007648170925676823,0.2239525020122528,0.009529605507850647,0
1595704,0.7781867980957031,0.1389612853527069,0.013120071962475777,0.06896115094423294,0.0007707116310484707,0
1599738,0.8240735530853271,0.14718671143054962,0.012611041776835918,0.01602848432958126,0.00010027648386312649,0
1603199,0.8710377216339111,0.08002438396215439,0.0038695214316248894,0.04467516764998436,0.00039320788346230984,0
1605951,0.7987852692604065,0.14264853298664093,0.013084356673061848,0.0450582355260849,0.0004236467939335853,0
1613202,0.7243881821632385,0.10999221354722977,0.0077245961874723434,0.14976415038108826,0.008130832575261593,0
1614520,0.833290696144104,0.060526613146066666,0.005087935831397772,0.09972824156284332,0.00136659387499094,0
1627571,0.830251932144165,0.06043750420212746,0.005085698328912258,0.10280153155326843,0.0014233754482120275,0
1631537,0.7527081966400146,0.012746472842991352,0.0007252118084579706,0.23026031255722046,0.0035597977694123983,0
1632339,0.7251343131065369,0.12947461009025574,0.012792649678885937,0.13068217039108276,0.001916254055686295,0
1639100,0.6498408913612366,0.18289512395858765,0.016403229907155037,0.14623135328292847,0.004629407078027725,0
1640969,0.7745298147201538,0.13830696046352386,0.013112344779074192,0.07321222871541977,0.0008386760018765926,0
1641582,0.8096299767494202,0.053081173449754715,0.006145044229924679,0.12330321967601776,0.007840664125978947,0
1644007,0.0006562990602105856,0.014712400734424591,0.984631359577179,7.532142545274339e-16,5.358366875207743e-11,0
1651905,0.8036867380142212,0.005723624490201473,0.0021776992361992598,0.17129985988140106,0.017112212255597115,0
1654293,0.742664635181427,0.13260823488235474,0.012940904125571251,0.11028456687927246,0.0015017023542895913,0
1665335,0.7153809070587158,0.12773136794567108,0.012698841281235218,0.14202772080898285,0.0021611934062093496,0
1674816,0.9625335335731506,0.027620065957307816,0.0017371157882735133,0.008064053021371365,4.526088741840795e-05,0
1676525,0.5900697708129883,0.37196871638298035,0.032100968062877655,0.005530511029064655,0.00033010795596055686,0
1678005,0.7577581405639648,0.13530705869197845,0.013041642494499683,0.09272070974111557,0.0011724059004336596,0
1690887,0.9096185564994812,0.006635733880102634,0.0012775063514709473,0.07985619455575943,0.002611955162137747,0
1699289,0.7399187088012695,0.1321173757314682,0.01291965413838625,0.11347983777523041,0.0015644028317183256,0
1711176,0.7282356023788452,0.13002894818782806,0.012820888310670853,0.12707406282424927,0.0018404856091365218,0
1715807,0.6817425489425659,0.04210561513900757,0.002401032717898488,0.2566533088684082,0.017097486183047295,0
1719912,0.8362526297569275,0.06060938537120819,0.005089635029435158,0.09673649817705154,0.0013119388604536653,0
1724380,0.7168410420417786,0.19368360936641693,0.01530357077717781,0.07279785722494125,0.0013739648275077343,0
1726025,0.6896545886993408,0.18632692098617554,0.015122951939702034,0.10653476417064667,0.0023607222829014063,0
1733878,0.8496176600456238,0.05819573253393173,0.002442042576149106,0.08636105060577393,0.0033836732618510723,0
1747016,0.8206588625907898,0.06013138219714165,0.005075613968074322,0.11252686381340027,0.0016072056023404002,0
1751878,0.7622913718223572,0.13611774146556854,0.013065697625279427,0.08744645118713379,0.001078749424777925,0
1752005,0.44872117042541504,0.4439070522785187,0.09929689019918442,0.001371600548736751,0.006703291088342667,0
1754450,0.7399187088012695,0.1321173757314682,0.01291965413838625,0.11347983777523041,0.0015644028317183256,0
1756047,0.7644699215888977,0.13650734722614288,0.013076068833470345,0.08491206169128418,0.0010346324415877461,0
1762553,0.909032940864563,0.0009823417058214545,0.00023308998788706958,0.06206468865275383,0.027687013149261475,0
1764759,0.79510098695755,0.08640259504318237,0.011299149133265018,0.09977904707193375,0.007418244611471891,0
1777970,0.7412585616111755,0.15141820907592773,0.008364307694137096,0.09377582371234894,0.005183101166039705,0
1781068,0.0629555881023407,0.06012359634041786,0.8769206404685974,1.9775985861912593e-13,1.3979679636122455e-07,0
1787451,0.7981975078582764,0.02817789651453495,0.0019547392148524523,0.16913039982318878,0.002539397682994604,0
1794394,0.8228426575660706,0.08570554852485657,0.006083028391003609,0.08352985233068466,0.001838886528275907,0
1814134,0.8556352853775024,0.013840749859809875,0.0007705907337367535,0.12815935909748077,0.001594012719579041,0
1821236,0.9100330471992493,0.04844013601541519,0.004052602685987949,0.03670356422662735,0.0007706357282586396,0
1828052,0.8645308017730713,0.0294086504727602,0.002004639245569706,0.10276219993829727,0.0012938115978613496,0
1835539,0.866511881351471,0.08377718180418015,0.002259697299450636,0.04404956474900246,0.0034016554709523916,0
1839093,0.6430349946022034,0.3362008333206177,0.02032688818871975,0.0004354350094217807,1.8836129811461433e-06,0
1841877,0.765473484992981,0.0578269399702549,0.0049521359615027905,0.16895776987075806,0.0027897770050913095,0
1843539,0.7654802799224854,0.07612361013889313,0.004315989091992378,0.14855530858039856,0.005524887703359127,0
1846339,0.8257728815078735,0.14749281108379364,0.012533319182693958,0.014116844162344933,8.406169945374131e-05,0
1851606,0.9292967915534973,0.06400374323129654,0.004325020592659712,0.002366545842960477,7.934453606139868e-06,0
1860775,0.7399187088012695,0.1321173757314682,0.01291965413838625,0.11347983777523041,0.0015644028317183256,0
1862618,0.7987852692604065,0.14264853298664093,0.013084356673061848,0.0450582355260849,0.0004236467939335853,0
1864056,0.7763835191726685,0.13863852620124817,0.013116654939949512,0.07105729728937149,0.000804004492238164,0
1871217,0.8523507118225098,0.01281980611383915,0.002029263414442539,0.13075734674930573,0.0020429794676601887,0
1880010,0.8276312351226807,0.1478278934955597,0.012432803399860859,0.012040642090141773,6.740668322890997e-05,0
1894018,0.8743693828582764,0.06119850277900696,0.005054957699030638,0.058702632784843445,0.0006745402934029698,0
1915246,0.7342194318771362,0.13109849393367767,0.012873079627752304,0.12011177837848663,0.0016972203738987446,0
1923488,0.9013749361038208,0.0620574988424778,0.004957186058163643,0.0313248410820961,0.0002854663471225649,0
1927679,0.7056694626808167,0.19194141030311584,0.023025548085570335,0.07626694440841675,0.0030967246275395155,0
1929662,0.7091952562332153,0.1625601351261139,0.022397808730602264,0.10175745189189911,0.00408929493278265,0
1933666,0.9040468335151672,0.06224234029650688,0.004941231105476618,0.02851913310587406,0.00025044893845915794,0
1933691,0.3509242534637451,0.5970922112464905,0.04764285311102867,0.003539265366271138,0.0008014694321900606,0
1943449,0.7012915015220642,0.12521342933177948,0.012551783584058285,0.15841075778007507,0.002532505663111806,0
1946210,0.7012915015220642,0.12521342933177948,0.012551783584058285,0.15841075778007507,0.002532505663111806,0
1951679,0.5969846844673157,0.38342854380607605,0.005673074163496494,0.013828186318278313,8.544024603907019e-05,0
1956654,0.7505002617835999,0.1340092569589615,0.012996835634112358,0.10116619616746902,0.0013274558586999774,0
1957937,0.7577581405639648,0.13530705869197845,0.013041642494499683,0.09272070974111557,0.0011724059004336596,0
1962241,0.7872638702392578,0.058827999979257584,0.005011935718357563,0.14659787714481354,0.002298409352079034,0
1968533,0.9127678871154785,0.029724203050136566,0.001984760630875826,0.054960548877716064,0.0005624995101243258,0
1970228,0.004745327401906252,0.864387035369873,0.1308670938014984,1.1333315086403672e-07,5.553621349463356e-07,0
1973406,0.7121272087097168,0.1726435124874115,0.036843180656433105,0.0746670588850975,0.0037189307622611523,0
1990022,0.8249485492706299,0.14734426140785217,0.01257258839905262,0.015042796730995178,9.18148725759238e-05,0
1994213,0.7944619059562683,0.09725066274404526,0.037688128650188446,0.0663580670952797,0.004241218790411949,0
1997027,0.7686570286750793,0.13725626468658447,0.013093601912260056,0.08004158735275269,0.0009515033452771604,0
1999678,0.8362526297569275,0.06060938537120819,0.005089635029435158,0.09673649817705154,0.0013119388604536653,0
2002297,0.8395872712135315,0.013700154609978199,0.0007659178227186203,0.14407874643802643,0.0018678181804716587,0
2003910,0.8619598746299744,0.06112470105290413,0.0050802212208509445,0.0709674209356308,0.000867760565597564,0
2008100,0.7718576788902283,0.20862647891044617,0.013916106894612312,0.005561584606766701,3.814418232650496e-05,0
2018613,0.7550233602523804,0.20403189957141876,0.015027944929897785,0.02559925802052021,0.00031754051451571286,0
2023282,0.8192066550254822,0.08115650713443756,0.04940718039870262,0.04658326879143715,0.0036464587319642305,0
2027682,0.7628642916679382,0.07945114374160767,0.0058769225142896175,0.14764687418937683,0.004160674754530191,0
2034852,0.9070568680763245,0.0002783867239486426,4.3386127799749374e-05,0.09158197790384293,0.001039351336658001,0
2041583,0.8841196894645691,0.023487282916903496,0.001043223892338574,0.08776330947875977,0.0035865663085132837,0
2049638,0.7061550617218018,0.09350515902042389,0.007336162030696869,0.18314243853092194,0.0098611731082201,0
2053009,0.7254993319511414,0.14283573627471924,0.02429911494255066,0.10291051864624023,0.0044553508050739765,0
2057385,0.8581003546714783,0.02931753732264042,0.0020025591365993023,0.1091761365532875,0.0014033387415111065,0
2061921,0.8199419379234314,0.08311247825622559,0.004199573770165443,0.08412057906389236,0.00862534437328577,0
2084170,0.8103205561637878,0.05976368114352226,0.005060228053480387,0.12304257601499557,0.0018128643278032541,0
2089365,0.6515790820121765,0.19414900243282318,0.016626928001642227,0.13340695202350616,0.004237977322191,0
2092868,0.7892243266105652,0.11450070142745972,0.010855394415557384,0.07986246049404144,0.005557134747505188,0
2105583,0.74555504322052,0.19279447197914124,0.00960653368383646,0.04905393719673157,0.0029900313820689917,0
2106181,0.6336981058120728,0.05993013456463814,0.0023047695867717266,0.2667624056339264,0.03730466961860657,0
2106329,0.655995786190033,0.12563316524028778,0.017877131700515747,0.19363757967948914,0.006856227293610573,0
2109850,0.7768316268920898,0.012098890729248524,0.0019470341503620148,0.20533594489097595,0.0037864837795495987,0
2116394,0.6777291893959045,0.121003158390522,0.012280975468456745,0.1857881397008896,0.0031985400710254908,0
2118903,0.8549528121948242,0.06102582812309265,0.005087726749479771,0.07795042544603348,0.0009832261130213737,0
2119760,0.6415747404098511,0.17332440614700317,0.014540262520313263,0.16607682406902313,0.004483772441744804,0
2134859,0.7577581405639648,0.13530705869197845,0.013041642494499683,0.09272070974111557,0.0011724059004336596,0
2137054,0.755401074886322,0.13488557934761047,0.013027884066104889,0.09546329826116562,0.0012220778735354543,0
2141488,0.7479951977729797,0.10934163630008698,0.008644906803965569,0.12656469643115997,0.007453639525920153,0
2154537,0.742664635181427,0.13260823488235474,0.012940904125571251,0.11028456687927246,0.0015017023542895913,0
2160293,0.8140990734100342,0.03687009587883949,0.002285699127241969,0.1428375542163849,0.00390762509778142,0
2166631,0.7849223613739014,0.14016641676425934,0.013124977238476276,0.0611359179019928,0.0006503381882794201,0
2168761,0.7462716102600098,0.05687037482857704,0.004890361335128546,0.1887197345495224,0.0032478957436978817,0
2168948,0.7710958123207092,0.16484485566616058,0.00887707807123661,0.04726140946149826,0.007920905016362667,0
2171647,0.7622913718223572,0.13611774146556854,0.013065697625279427,0.08744645118713379,0.001078749424777925,0
2173020,0.6735110878944397,0.12024948745965958,0.012229718267917633,0.19068610668182373,0.003323641838505864,0
2175005,0.7867899537086487,0.1053863987326622,0.010658390820026398,0.0908723995089531,0.006292854435741901,0
2175802,0.8489013314247131,0.038254205137491226,0.002166571095585823,0.10061824321746826,0.010059669613838196,0
2181334,0.7529822587966919,0.13445305824279785,0.013012977316975594,0.0982779860496521,0.0012737385695800185,0
2182235,0.696350634098053,0.10858435928821564,0.006836410611867905,0.17926280200481415,0.008965781889855862,0
2208229,0.8392187356948853,0.00023490007151849568,0.1605420559644699,1.9630573433460086e-07,4.110324880457483e-06,0
2215456,0.8271346092224121,0.06034207344055176,0.005082905292510986,0.10595806688070297,0.0014823547098785639,0
2218340,0.7399187088012695,0.1321173757314682,0.01291965413838625,0.11347983777523041,0.0015644028317183256,0
2226258,0.8357720375061035,0.14930973947048187,0.011561647057533264,0.0033450154587626457,1.142884048022097e-05,0
2226537,0.9264277815818787,0.01551009900867939,0.00493165897205472,0.044715289026498795,0.008415085263550282,0
2230977,0.6188940405845642,0.16704469919204712,0.014196091331541538,0.1942240297794342,0.0056411270052194595,0
2234338,0.7119766473770142,0.1271229237318039,0.012664479203522205,0.1459868997335434,0.002249033423140645,0
2241956,0.7781867980957031,0.1389612853527069,0.013120071962475777,0.06896115094423294,0.0007707116310484707,0
2245158,0.9289674758911133,0.000596957397647202,0.0001136700957431458,0.06953936070203781,0.0007824968779459596,0
2245693,0.7586888670921326,0.012819753028452396,0.0007286295294761658,0.22433042526245117,0.0034323851577937603,0
2246113,0.747954249382019,0.13355402648448944,0.012979472987353802,0.10412903130054474,0.001383306342177093,0
2247604,0.8103205561637878,0.05976368114352226,0.005060228053480387,0.12304257601499557,0.0018128643278032541,0
2255396,0.9622947573661804,0.013836562633514404,0.0007286020554602146,0.02297690324485302,0.00016335156396962702,0
2255815,0.7560723423957825,0.05736643448472023,0.004922850523144007,0.17862717807292938,0.003011171706020832,0
2257477,0.7745298147201538,0.13830696046352386,0.013112344779074192,0.07321222871541977,0.0008386760018765926,0
2267260,0.68715900182724,0.1856519877910614,0.015099335461854935,0.10963008552789688,0.0024594920687377453,0
2267358,0.6716817617416382,0.18199320137500763,0.018375694751739502,0.1237012967467308,0.004248042590916157,0
2270714,0.7788371443748474,0.05845274031162262,0.004990254994481802,0.1552351415157318,0.002484773052856326,0
2273001,0.7895018458366394,0.14098629355430603,0.013120202347636223,0.05581940710544586,0.0005721952184103429,0
2273253,0.7950333952903748,0.1419764757156372,0.013103652745485306,0.04940454289317131,0.00048203644109889865,0
2274252,0.7168410420417786,0.19368360936641693,0.01530357077717781,0.07279785722494125,0.0013739648275077343,0
2277612,0.7170870304107666,0.026203811168670654,0.0012055574916303158,0.22311250865459442,0.032391082495450974,0
2288264,0.693766713142395,0.12386877089738846,0.012468385510146618,0.16715703904628754,0.0027391340117901564,0
2302779,0.6846964955329895,0.14544691145420074,0.019522489979863167,0.1449991911649704,0.0053349388763308525,0
2311189,0.7466152310371399,0.2275913953781128,0.012612608261406422,0.012823390774428844,0.00035742006730288267,0
2321267,0.7453427314758301,0.13308703899383545,0.012960805557668209,0.1071680411696434,0.0014413604512810707,0
2323516,0.755401074886322,0.13488557934761047,0.013027884066104889,0.09546329826116562,0.0012220778735354543,0
2331584,0.9297410249710083,0.037756938487291336,0.002222966169938445,0.029793450608849525,0.0004855957522522658,0
2332284,0.6058358550071716,0.3165372908115387,0.02603430300951004,0.05022544786334038,0.0013671782799065113,0
2333594,0.7219588160514832,0.12890702486038208,0.012762886472046375,0.13437630236148834,0.0019948980771005154,0
2334708,0.8798460364341736,0.061180271208286285,0.005037836264818907,0.05334156006574631,0.0005941840936429799,0
2340383,0.7987852692604065,0.14264853298664093,0.013084356673061848,0.0450582355260849,0.0004236467939335853,0
2350163,8.279995381599292e-05,0.9999171495437622,1.9530568273751214e-09,4.807259259176529e-14,5.260024390001084e-20,0
2355050,0.9900761246681213,0.0074388813227415085,0.00026571619673632085,0.0022058456670492887,1.3529836905945558e-05,0
2356040,0.708034098148346,0.1515568196773529,0.022071270272135735,0.1137840524315834,0.004553760401904583,0
2360336,0.5626514554023743,0.39605697989463806,0.021983888000249863,0.01847836934030056,0.0008293447317555547,0
2362845,0.7012915015220642,0.12521342933177948,0.012551783584058285,0.15841075778007507,0.002532505663111806,0
2367846,0.7345441579818726,0.05903837829828262,0.0030201137997210026,0.1873706430196762,0.01602679118514061,0
2374265,0.6897761225700378,0.16236989200115204,0.02005607821047306,0.12323547899723053,0.004562364425510168,0
2381863,0.6587410569190979,0.008004230447113514,0.001613364671356976,0.2918201982975006,0.03982121869921684,0
2387168,0.7282356023788452,0.13002894818782806,0.012820888310670853,0.12707406282424927,0.0018404856091365218,0
2397174,0.7312635779380798,0.1305701732635498,0.01284770481288433,0.12355106323957443,0.0017675056587904692,0
2403976,0.7407309412956238,0.12815044820308685,0.026425059884786606,0.10002207010984421,0.00467150192707777,0
2404265,0.6975697875022888,0.12454832345247269,0.01251092366874218,0.1627369374036789,0.002633985597640276,0
2404589,0.7312635779380798,0.1305701732635498,0.01284770481288433,0.12355106323957443,0.0017675056587904692,0
2405447,0.7983266711235046,0.10331981629133224,0.010432379320263863,0.08391750603914261,0.004003592301160097,0
2406846,0.6570404767990112,0.2686220407485962,0.017399240285158157,0.055378083139657974,0.0015600929036736488,0
2412637,0.755401074886322,0.13488557934761047,0.013027884066104889,0.09546329826116562,0.0012220778735354543,0
2419317,0.927412748336792,0.06386861950159073,0.00447937473654747,0.004221444018185139,1.7675283743301407e-05,0
2419370,0.7282356023788452,0.13002894818782806,0.012820888310670853,0.12707406282424927,0.0018404856091365218,0
2421907,0.7342194318771362,0.13109849393367767,0.012873079627752304,0.12011177837848663,0.0016972203738987446,0
2426754,0.7251343131065369,0.12947461009025574,0.012792649678885937,0.13068217039108276,0.001916254055686295,0
2427736,0.6130525469779968,0.3654720187187195,0.009375334717333317,0.010968430899083614,0.0011316444724798203,0
