id,class-0,class-1,class-2,class-3,class-4
6639,0.8267748355865479,0.04336823523044586,0.014535577036440372,0.10534001886844635,0.009981333278119564
9603,0.07653108984231949,0.9223280549049377,0.0011019408702850342,3.8953021430643275e-05,6.01108954279006e-11
12234,0.6580410599708557,0.21731266379356384,0.031540822237730026,0.09097156673669815,0.002133873524144292
16535,0.00011834118777187541,0.04406629875302315,0.9005826711654663,1.1533212500580703e-06,0.05523156747221947
18157,0.9910315275192261,0.00893938448280096,3.1754887004353805e-06,2.5838155124802142e-05,3.8956871582784824e-12
33302,2.799703252163912e-14,0.09917639195919037,0.9008235931396484,3.921955705385139e-20,3.327577449696584e-11
37190,0.012438975274562836,0.9716074466705322,0.015951471403241158,2.0997185856685974e-06,5.39361355578194e-09
43051,0.1837424486875534,0.8011026978492737,0.013423611409962177,0.0017307967646047473,4.6448920443253883e-07
43373,0.001321865594945848,0.9986767172813416,1.4467825621977681e-06,1.9821097888006456e-11,2.7154624463399076e-22
51487,0.003959171939641237,0.9732282757759094,0.022807182744145393,5.365557626646478e-06,2.8498787330022424e-08
54573,0.5061923861503601,0.4888283312320709,0.00434014992788434,0.000638966856058687,3.5707735435153154e-08
87367,0.021452661603689194,0.5134978294372559,0.45427757501602173,0.002129870466887951,0.008642138913273811
134848,0.7454320192337036,0.0017847875133156776,5.171967131900601e-05,0.2516757547855377,0.001055811531841755
141876,0.7202760577201843,0.00024402086273767054,1.695999003459292e-06,0.27931323647499084,0.00016492062422912568
145313,0.7659439444541931,0.1935965120792389,0.013384542427957058,0.02694769948720932,0.0001274165406357497
145540,0.5896057486534119,0.3691282570362091,0.014696979895234108,0.026514064520597458,5.489087197929621e-05
153664,2.9582858616916934e-15,0.02787107601761818,0.9721288681030273,4.291464716713392e-20,7.204042917763331e-10
153669,2.461358121763624e-07,0.3496054708957672,0.650393545627594,6.868533519721609e-11,7.453335229001823e-07
153696,0.511229395866394,0.4393981397151947,0.02453860640525818,0.024748140946030617,8.577628614148125e-05
155030,0.7423153519630432,0.17996260523796082,0.015091492794454098,0.06208996847271919,0.0005406292038969696
157992,0.06790472567081451,0.8438759446144104,0.08718597143888474,0.001000366173684597,3.302056938991882e-05
159271,0.7579392194747925,0.000648127868771553,9.163540198642295e-06,0.24104206264019012,0.0003615380555856973
162411,0.8136429786682129,0.13184134662151337,0.012933229096233845,0.041189830750226974,0.0003925191704183817
171275,0.7328161597251892,0.2541533410549164,0.0007627049926668406,0.012267528101801872,3.6490035881797667e-07
171385,0.941224217414856,0.004092198796570301,0.00017986042075790465,0.053653646260499954,0.0008501633419655263
171757,0.9270943999290466,0.005649765022099018,0.00047491383156739175,0.06604240089654922,0.0007384338532574475
172074,0.535375714302063,4.329331932240166e-05,8.822521380125181e-08,0.4645169973373413,6.388381007127464e-05
184771,0.9087097644805908,0.0018086823401972651,6.314143683994189e-05,0.08909615874290466,0.0003221120859961957
187244,0.8256168365478516,0.13683372735977173,0.005337745416909456,0.03214341402053833,6.833880615886301e-05
194210,0.6720472574234009,0.004433538764715195,0.00024207627575378865,0.3196170926094055,0.0036600339226424694
194662,0.5037999749183655,0.39867913722991943,0.05225186422467232,0.04456068575382233,0.0007083126110956073
194784,0.7543630003929138,0.0005139225977472961,6.148371994640911e-06,0.2448246031999588,0.000292337907012552
194787,0.8966062664985657,0.032076139003038406,0.005427316762506962,0.06409292668104172,0.0017972253262996674
197722,0.7651067972183228,0.0006878649001009762,1.0182080586673692e-05,0.23382583260536194,0.00036917132092639804
198688,0.9999703168869019,1.0717554687289521e-05,2.9390851974397947e-09,1.8897837435360998e-05,2.9854554158686986e-12
200295,0.9845796823501587,0.009378846734762192,0.0004910915158689022,0.005538683384656906,1.159021667263005e-05
205590,0.9011715054512024,0.0012315020430833101,3.2087300496641546e-05,0.09732401371002197,0.00024083821335807443
208910,0.3816510736942291,0.544770359992981,0.05458366870880127,0.018841374665498734,0.0001534952607471496
215918,0.32605111598968506,0.6611605882644653,0.01011884305626154,0.002668834524229169,6.317983434200869e-07
220232,0.6105270385742188,0.2537170350551605,0.019177760928869247,0.1159544587135315,0.0006237291963770986
224225,0.9995995163917542,1.4985590723881614e-07,2.4955636515611168e-11,0.00040043238550424576,1.27269320082668e-10
230891,0.9969053864479065,6.32109513389878e-05,1.9515132976266614e-07,0.0030310628935694695,1.0345853240778524e-07
240359,0.7651103138923645,0.00035703161847777665,3.3116100439656293e-06,0.23433752357959747,0.00019194005290046334
253700,0.7059407234191895,0.00022562906087841839,1.4775539511902025e-06,0.2936688959598541,0.00016324224998243153
254124,0.0007456630701199174,0.49599188566207886,0.5024713277816772,2.6697984139900655e-05,0.0007644149591214955
274160,0.02203233540058136,0.6728300452232361,0.30350109934806824,0.0007477671606466174,0.0008887430303730071
275880,0.7688316702842712,0.21787312626838684,0.0036192545667290688,0.00967236328870058,3.5658081287692767e-06
285261,0.8080250024795532,0.004790031351149082,0.00029248555074445903,0.18494845926761627,0.0019441131735220551
285508,0.8518218398094177,0.0014280853793025017,3.820275378529914e-05,0.1462736427783966,0.0004381469334475696
287190,0.6895191073417664,0.22029897570610046,0.034233514219522476,0.05477863922715187,0.0011698388261720538
293498,0.6012217402458191,0.3169373869895935,0.03831762447953224,0.04294527694582939,0.0005778995691798627
303851,0.9999921321868896,6.2738367887504864e-06,2.046512959097413e-10,1.5399880339828087e-06,4.020977208965201e-15
306113,0.5068992376327515,0.018924234434962273,0.002916166093200445,0.4541524350643158,0.017107849940657616
312522,0.8259996771812439,0.06954561173915863,0.014317143708467484,0.08663319051265717,0.003504375461488962
313437,0.7334489822387695,0.00016091564611997455,8.348519600076543e-07,0.26628732681274414,0.00010198770905844867
315861,0.023279787972569466,0.7075948715209961,0.26748111844062805,0.0009484271868132055,0.0006957750301808119
317071,0.7841674089431763,0.006047974340617657,0.00042960690916515887,0.20654141902923584,0.0028135711327195168
318091,0.7017899751663208,0.00011312760761938989,4.526755219558254e-07,0.29801300168037415,8.346209506271407e-05
320329,0.9144017100334167,0.005151211749762297,0.00038932752795517445,0.07924329489469528,0.0008143415325321257
323682,0.7464872002601624,7.670795457670465e-05,2.3596129494762863e-07,0.25339025259017944,4.5521439460571855e-05
339682,0.7818625569343567,0.005254164803773165,0.0003366353630553931,0.21005506813526154,0.002491527236998081
340367,0.7425628900527954,0.0013735900865867734,3.297362491139211e-05,0.2552039921283722,0.0008265700889751315
342063,0.9999998807907104,4.237069896328993e-12,2.235004791990716e-18,9.208146423134167e-08,5.281817044850161e-19
348229,0.1604081094264984,0.8290649056434631,0.009514136239886284,0.0010127590503543615,1.303434657984326e-07
350376,0.9752734899520874,0.013036780059337616,0.0033249100670218468,0.00815178919583559,0.0002129616041202098
350934,0.7592557072639465,0.155992791056633,0.017078382894396782,0.06677260249853134,0.000900530256330967
352565,0.777047872543335,0.0013761107111349702,3.362764255143702e-05,0.22085368633270264,0.0006886163027957082
352578,0.762696385383606,0.00023579968546982855,1.6255652326435666e-06,0.2369377464056015,0.0001284903264604509
352642,0.9528462886810303,0.030200133100152016,0.001318635419011116,0.015601920895278454,3.30014772771392e-05
354156,0.7785282731056213,0.004044686444103718,0.00021417766402009875,0.21524108946323395,0.001971779391169548
354992,0.825120747089386,0.1371108591556549,0.005998860578984022,0.031689755618572235,7.981601811479777e-05
356157,0.7793217897415161,0.2069375067949295,0.005247877445071936,0.008487231098115444,5.683742529072333e-06
356192,0.7797046899795532,0.005381504073739052,0.0003503409679979086,0.21198181807994843,0.0025815938133746386
356352,0.6888142228126526,0.25760430097579956,0.021060839295387268,0.03230888396501541,0.0002118136762874201
361019,0.7242793440818787,0.0011804820969700813,2.5271259801229462e-05,0.2737359404563904,0.0007789528463035822
365304,0.9999849796295166,1.0880350842512598e-08,1.9986077137885971e-13,1.506834178144345e-05,6.339927091343969e-14
366472,0.4179138243198395,0.49901387095451355,0.05969788506627083,0.02311360090970993,0.0002607812057249248
380128,0.6860567331314087,0.3108151853084564,0.0009425869793631136,0.0021855358500033617,3.544745297290319e-08
381123,0.7668942809104919,0.0002504781587049365,1.8064370124193374e-06,0.2327200472354889,0.00013342156307771802
385964,0.7350736856460571,0.00015278956561814994,7.644043762411457e-07,0.26467669010162354,9.605892410036176e-05
387272,0.6256681680679321,0.369541198015213,0.0005689114914275706,0.004221703391522169,3.1325136262694286e-08
388188,0.7543814778327942,0.00024588475935161114,1.739674189593643e-06,0.24523094296455383,0.00014002303942106664
415452,0.6403295397758484,0.0021415913943201303,6.928876973688602e-05,0.3554064929485321,0.0020530973561108112
417559,0.2575630247592926,0.7408578395843506,0.0009927727514877915,0.0005864085978828371,2.086041117621562e-09
424768,0.6026192903518677,0.3744369149208069,0.010799047537147999,0.012133277021348476,1.150520438386593e-05
424893,0.09665659070014954,0.014506816864013672,0.0028216612990945578,0.8762236833572388,0.00979133602231741
433214,0.5528650879859924,0.44317004084587097,0.0037900866009294987,0.00017469364684075117,1.2296718310267352e-08
438589,0.7739664316177368,0.09143733978271484,0.014801513403654099,0.11618568003177643,0.003609056817367673
441872,0.6265023350715637,0.37256017327308655,0.00010474502050783485,0.0008327850373461843,2.5806062842193e-10
443817,0.7272368669509888,1.5150224044191418e-06,2.830903567119236e-10,0.2727607786655426,9.880152447294677e-07
445289,0.7432024478912354,0.007378320209681988,0.0005924232536926866,0.24456538259983063,0.004261279944330454
452779,0.9875261187553406,0.0017428260762244463,8.107347821351141e-05,0.010601582005620003,4.825897849514149e-05
453578,0.00010730999201769009,0.12223274260759354,0.8657686114311218,2.7186438273929525e-06,0.011888639070093632
456742,0.6907756328582764,0.2370132952928543,0.029040314257144928,0.04259609803557396,0.0005747192772105336
461600,0.7181182503700256,0.2399330884218216,0.013613519258797169,0.028234638273715973,0.00010053781443275511
465081,0.7795317769050598,0.07399141043424606,0.00482196407392621,0.14077948033809662,0.0008752887370064855
465865,0.6045474410057068,0.3894268572330475,0.001078612171113491,0.004946916829794645,9.551008162134167e-08
469329,0.7784105539321899,0.0018332439940422773,5.503593638422899e-05,0.21879351139068604,0.000907684734556824
469860,0.7789883613586426,0.0033223205246031284,0.00015276946942321956,0.21591311693191528,0.001623395481146872
474769,0.7963669896125793,0.14800012111663818,0.009309816174209118,0.046091195195913315,0.00023182417498901486
484730,0.24712766706943512,0.6828242540359497,0.055159036070108414,0.014800749719142914,8.82211170392111e-05
490329,0.7470414042472839,0.0003173045697622001,2.683787442947505e-06,0.25245100259780884,0.00018766151333693415
494200,0.6746392250061035,0.0898435041308403,0.024915214627981186,0.19353240728378296,0.01706968992948532
496975,1.0,5.5613074909088844e-12,4.539876567240111e-18,1.8119436617780593e-08,1.0967631685810636e-19
506879,0.7396167516708374,0.0008203249890357256,1.3615436728287023e-05,0.2590467035770416,0.0005026209400966763
506973,0.8653865456581116,0.0026086156722158194,0.00010941116488538682,0.13118596374988556,0.0007093881140463054
509493,0.7488855123519897,0.22494220733642578,0.0061843739822506905,0.019967231899499893,2.069404763460625e-05
515129,0.7273344993591309,0.0002010049211094156,1.2193947895866586e-06,0.2723320424556732,0.00013128465798217803
515282,0.7569540143013,0.0001382588379783556,6.498955826828023e-07,0.24282945692539215,7.769854710204527e-05
516645,0.3233039677143097,0.5737736225128174,0.06950637698173523,0.03295830264687538,0.00045762909576296806
516957,0.9174524545669556,0.01109115406870842,0.0006748808082193136,0.07031489163637161,0.0004665392334572971
518883,0.8412830233573914,0.0032081324607133865,0.00015147050726227462,0.1543074995279312,0.0010498836636543274
521260,0.7949881553649902,0.01334764901548624,0.0017042482504621148,0.18446655571460724,0.005493388045579195
523281,0.44009044766426086,0.340976744890213,0.12148893624544144,0.08872485905885696,0.008719006553292274
523629,0.5629228949546814,0.4295232594013214,0.004820509813725948,0.002733037108555436,3.621786959229212e-07
524691,0.7532639503479004,0.008847003802657127,0.0008141334401443601,0.23227734863758087,0.004797594156116247
529038,0.7655776143074036,0.0002443874254822731,1.730715098346991e-06,0.2340451180934906,0.00013111316366121173
530534,0.7554509043693542,0.00011758528125938028,4.921708409710845e-07,0.24436435103416443,6.660735380137339e-05
541143,0.8671091198921204,0.008455995470285416,0.0005783034721389413,0.12023322284221649,0.003623338881880045
545250,0.2306499481201172,0.056511782109737396,0.00831552967429161,0.7002461552619934,0.00427657924592495
547863,0.6866278648376465,0.30755993723869324,0.002506294520571828,0.0033056437969207764,2.8042450139764696e-07
564378,0.6862052083015442,8.251956387539394e-06,5.104844102987727e-09,0.3137800395488739,6.530512564495439e-06
568493,0.8545729517936707,0.08693180978298187,0.005062090698629618,0.05317647010087967,0.00025660605751909316
572854,0.872320294380188,0.007035794667899609,0.0006119123427197337,0.11831358075141907,0.001718537649139762
573795,0.6513415575027466,0.00048800974036566913,5.49726883036783e-06,0.34771493077278137,0.00045005459105595946
590836,0.7066817879676819,0.00035572555498220026,3.222455688955961e-06,0.29270291328430176,0.00025635951897129416
597739,0.5529100298881531,0.4220304489135742,0.01425307709723711,0.010793734341859818,1.2652258192247245e-05
606673,0.8143095970153809,0.06619635224342346,0.005728457123041153,0.11241821944713593,0.0013473235303536057
608726,0.7719860672950745,0.001554985181428492,4.134878690820187e-05,0.2256181389093399,0.0007995405467227101
609364,0.9238260984420776,0.04983219504356384,0.004827600438147783,0.021349461749196053,0.0001646103337407112
611335,0.6673190593719482,0.0005400788504630327,6.5464623730804306e-06,0.33166956901550293,0.0004647084861062467
620223,0.7683765888214111,0.00026902393437922,2.043023187070503e-06,0.23121018707752228,0.00014213733084034175
624053,0.7734367251396179,0.179220050573349,0.008739497512578964,0.03848162293434143,0.00012213521404191852
624058,2.8111337542213732e-06,0.4040733575820923,0.5959187150001526,3.087824884673296e-09,5.144029728398891e-06
625588,0.0026869287248700857,0.6482660174369812,0.34888434410095215,2.247083102702163e-05,0.00014016131171956658
626829,0.5153154730796814,0.4498116672039032,0.01656944490969181,0.01827353611588478,3.0004697691765614e-05
629006,0.549685537815094,0.0012282991083338857,2.7028574550058693e-05,0.44735223054885864,0.0017069403547793627
634879,0.4833514094352722,0.4507639408111572,0.04426119849085808,0.021454408764839172,0.00016893369320314378
635467,0.5234659314155579,0.4483964443206787,0.011338221840560436,0.01678437739610672,1.5013747542980127e-05
637924,0.7642946839332581,0.18066109716892242,0.00943113025277853,0.04544268175959587,0.00017036283679772168
641673,0.8579104542732239,0.08842653781175613,0.006507374346256256,0.046848114579916,0.00030757850618101656
642414,0.8792556524276733,0.0455130971968174,0.01841927506029606,0.05185314640402794,0.004958857782185078
650229,0.813057541847229,0.16202183067798615,0.004278318025171757,0.020621826872229576,2.042068990704138e-05
654526,0.960246741771698,0.00774776004254818,0.00044969067675992846,0.03140850365161896,0.0001473614975111559
654546,4.29000612811592e-09,0.32019323110580444,0.6798067688941956,2.9261586643319903e-14,6.197766744264754e-09
654565,6.384829589478613e-07,0.31861576437950134,0.6813769936561584,1.129771054486639e-09,6.659290193056222e-06
656391,0.8350858688354492,0.1261315643787384,0.021288946270942688,0.01722121611237526,0.00027236604364588857
660802,0.7642590403556824,0.0026699360460042953,0.00010410567483631894,0.23154473304748535,0.0014221452875062823
660833,0.7815635800361633,0.0030912631191313267,0.00013518586638383567,0.21371924877166748,0.0014907334698364139
661071,0.6891531944274902,0.20185670256614685,0.043590787798166275,0.06304463744163513,0.002354615367949009
664173,0.023043090477585793,0.4848930537700653,0.47834765911102295,0.002276626182720065,0.011439641006290913
667618,0.7666100859642029,0.00016605538257863373,8.934875950217247e-07,0.23313428461551666,8.861338574206457e-05
678280,0.785768985748291,0.001538779935799539,4.094195901416242e-05,0.21191945672035217,0.0007318362477235496
682851,0.7752822041511536,0.001807249616831541,5.3607764129992574e-05,0.22194594144821167,0.0009108753292821348
684844,0.003672512946650386,0.7110274434089661,0.28510284423828125,5.945100565440953e-05,0.00013770237274002284
697211,0.6405457258224487,0.11836819350719452,0.08921381831169128,0.1141190305352211,0.037753213196992874
699565,0.8400284647941589,0.0004348761576693505,4.911854375677649e-06,0.1593848317861557,0.0001468816917622462
701149,0.8348358869552612,0.0032822336070239544,0.00015644589439034462,0.16060036420822144,0.0011250250972807407
701163,0.1991232931613922,0.4814854562282562,0.2895357012748718,0.018083499744534492,0.01177199836820364
709493,0.6211258769035339,0.31812024116516113,0.02944912388920784,0.031059417873620987,0.00024530067457817495
710796,0.061149001121520996,0.8897807002067566,0.04840095713734627,0.0006640498177148402,5.257874818198616e-06
714375,0.7295736074447632,0.0005761258653365076,7.40630548534682e-06,0.26947128772735596,0.00037159823114052415
714584,0.7161227464675903,0.011381125077605247,0.001240793033502996,0.2639159858226776,0.007339280564337969
720739,0.7316913604736328,0.1128329262137413,0.021538417786359787,0.12861944735050201,0.005317771341651678
723254,0.9533343315124512,0.011265851557254791,0.0010846995282918215,0.033970907330513,0.00034409482032060623
725824,0.7445281147956848,0.0006935973069630563,1.0232970453216694e-05,0.25435325503349304,0.00041477594641037285
738002,0.5774151682853699,0.15124958753585815,0.033421531319618225,0.22880034148693085,0.00911336112767458
769883,0.40288642048835754,0.5164995789527893,0.05682878568768501,0.023547975346446037,0.00023723635240457952
788403,0.9054220914840698,0.041533950716257095,0.007479851134121418,0.04388003423810005,0.0016841554315760732
807069,0.7626026272773743,0.0003624013625085354,3.3931526104424847e-06,0.23683422803878784,0.0001974723272724077
809213,0.7799245715141296,0.00689361896365881,0.0005369354621507227,0.2093777358531952,0.0032671664375811815
810658,0.21733158826828003,0.7052611112594604,0.07100164890289307,0.006321304477751255,8.426038402831182e-05
814375,0.5689329504966736,0.3799388110637665,0.032623015344142914,0.018396945670247078,0.00010826803918462247
819774,0.7220214009284973,1.2294283806113526e-05,1.0182966470040355e-08,0.2779580354690552,8.234437700593844e-06
833282,0.8431227207183838,0.06237322464585304,0.006535730324685574,0.08670874685049057,0.0012596555752679706
837913,0.7525147199630737,0.0008499086834490299,1.4543307770509273e-05,0.24613355100154877,0.0004872871213592589
841598,0.7752558588981628,0.0011427217395976186,2.442861114104744e-05,0.22299857437610626,0.0005784433451481164
842967,0.6125224828720093,0.28023794293403625,0.06402303278446198,0.04174487665295601,0.0014716879231855273
847032,0.73627769947052,0.21745188534259796,0.009829663671553135,0.036340340971946716,0.00010043950896942988
848803,0.7668743133544922,0.0003422436711844057,3.0829464776616078e-06,0.23259805142879486,0.00018225084932055324
849130,0.7066198587417603,0.0001357043074676767,6.188059842315852e-07,0.293146014213562,9.788799798116088e-05
853989,0.9916324019432068,0.0016481056809425354,0.00010103710519615561,0.0065969666466116905,2.154222056560684e-05
860262,0.8993165493011475,0.06818557530641556,0.0023367549292743206,0.030107978731393814,5.309297557687387e-05
862930,0.8318418264389038,0.00048290015547536314,5.827982022310607e-06,0.16749656200408936,0.00017280220345128328
870045,0.24505752325057983,0.7536643743515015,0.0007392118568532169,0.0005387554410845041,1.1705479918688866e-09
875961,0.7681514024734497,0.1600329577922821,0.021640963852405548,0.049356285482645035,0.0008184539619833231
878464,0.7927064299583435,0.0004637755046132952,5.267096184979891e-06,0.2066112905740738,0.0002132076770067215
878477,0.7748154997825623,0.00021258518972899765,1.3698513612325769e-06,0.22486212849617004,0.00010842412302736193
888866,0.5180473327636719,0.4456179141998291,0.013624350540339947,0.02268010750412941,3.03050455841003e-05
894636,0.4091767966747284,0.5465423464775085,0.026060668751597404,0.0181739404797554,4.628930037142709e-05
896521,0.7348634004592896,0.0006277061766013503,8.593483471486252e-06,0.26410606503486633,0.0003942849871236831
905327,0.8863361477851868,0.09966666251420975,0.001343627693131566,0.012649623677134514,3.834597009699792e-06
907134,0.7412201166152954,2.579877218522597e-05,3.645449098144127e-08,0.25873836874961853,1.5720257579232566e-05
912853,0.757474422454834,0.0015547294169664383,4.103571336599998e-05,0.24006494879722595,0.0008648521034047008
912901,0.7457346320152283,4.370259557617828e-05,9.003346690406033e-08,0.2541954815387726,2.6030764274764806e-05
919306,0.9275373816490173,0.00023118888202589005,1.9512142444000347e-06,0.07219664752483368,3.286290666437708e-05
923145,0.555575966835022,0.040100205689668655,0.003946154844015837,0.39717933535575867,0.0031983216758817434
930552,0.8269059062004089,0.16666729748249054,0.0003592298598960042,0.006067438516765833,8.463896961075079e-08
933911,0.6631799936294556,0.2520921230316162,0.03175872564315796,0.05217398703098297,0.0007952715968713164
949622,0.7446222305297852,0.00019887500093318522,1.204750105898711e-06,0.2550585865974426,0.00011913721391465515
956104,0.7799366116523743,0.011766676791012287,0.00106682232581079,0.20344263315200806,0.003787368070334196
956367,0.6059873104095459,0.37478700280189514,0.010471110232174397,0.008747630752623081,7.009494765952695e-06
958263,0.8807271122932434,0.022492727264761925,0.0025102298241108656,0.0926392525434494,0.00163069530390203
958473,0.6735410690307617,0.0007792387623339891,1.227433040185133e-05,0.32501572370529175,0.0006516858702525496
961757,0.817834198474884,0.0061936452984809875,0.00045932765351608396,0.17318154871463776,0.002331293886527419
961917,0.761611819267273,0.21183930337429047,0.0162581205368042,0.010250899009406567,3.981556437793188e-05
970116,0.6877331733703613,4.328234354034066e-05,8.715247901136536e-08,0.3121894896030426,3.4047789085889235e-05
970547,0.7364775538444519,0.0002215839922428131,1.4453368066824623e-06,0.26316124200820923,0.00013831238902639598
972627,0.8808457851409912,0.0006758765084668994,1.1040217032132205e-05,0.11830396205186844,0.00016327256162185222
974186,0.7764600515365601,0.0015060376608744264,3.924002521671355e-05,0.22123917937278748,0.0007555097690783441
974336,0.834797203540802,0.138922780752182,0.007743588648736477,0.018481293693184853,5.512102143256925e-05
975814,0.7489519715309143,0.08335329592227936,0.03140009939670563,0.12209619581699371,0.0141984224319458
983065,0.7502353191375732,0.0027203820645809174,0.0001068006968125701,0.24537664651870728,0.00156082131434232
996693,0.90567946434021,0.05271589756011963,0.011831340380012989,0.02096840925514698,0.00880480743944645
997445,0.6929357647895813,0.25908908247947693,0.018435029312968254,0.029389621689915657,0.0001503884996054694
998499,0.07979485392570496,0.7547537684440613,0.16115455329418182,0.0038731677923351526,0.0004237252287566662
1000308,0.7824816107749939,0.0033287829719483852,0.0001536052004666999,0.21244177222251892,0.0015942176105454564
1003019,0.636724054813385,0.0005556595860980451,6.864444458187791e-06,0.3621683120727539,0.0005450397729873657
1005652,0.7773804068565369,0.0039073689840734005,0.00020169172785244882,0.21659143269062042,0.001919141854159534
1019154,0.8608457446098328,0.03848789259791374,0.012422231025993824,0.08159751445055008,0.006646541878581047
1019717,0.7733926773071289,6.249734724406153e-05,1.682807209135717e-07,0.22651249170303345,3.213414311176166e-05
1020682,0.7483234405517578,6.604194641113281e-05,1.8274640467552672e-07,0.2515714764595032,3.88221706089098e-05
1020838,0.7263891696929932,0.15271060168743134,0.01586475782096386,0.10350364446640015,0.0015318049117922783
1029496,0.7858012914657593,0.0009817593963816762,1.8950202502310276e-05,0.2127295285463333,0.00046849652426317334
1030512,0.8082002401351929,0.03132229298353195,0.007781051564961672,0.1427966058254242,0.009899811819195747
1042296,0.8698283433914185,0.06124309450387955,0.02787083573639393,0.037346817553043365,0.0037108776159584522
1042375,0.967087984085083,0.020783912390470505,0.00030850127222947776,0.011815055273473263,4.49450135420193e-06
1043712,0.8769863843917847,5.004977356293239e-05,1.27134853755706e-07,0.12295091897249222,1.2583681382238865e-05
1048115,0.00037001498276367784,0.6116521954536438,0.38795235753059387,8.39363053728448e-07,2.4507218768121675e-05
1048524,0.1044188067317009,0.4840131402015686,0.3767537474632263,0.014513799920678139,0.020300565287470818
1048768,0.502984881401062,0.45201408863067627,0.022606031969189644,0.02233181707561016,6.318886153167114e-05
1049318,0.7686890959739685,0.00045569712528958917,5.0387175178912e-06,0.2306099683046341,0.0002401460224064067
1054820,0.34142547845840454,0.6211743354797363,0.0284464992582798,0.008936391212046146,1.7230264347745106e-05
1060545,0.9272315502166748,0.00981010403484106,0.0012490078806877136,0.06053093820810318,0.0011784445960074663
1062947,0.7681549787521362,0.005340963136404753,0.00034351786598563194,0.22342491149902344,0.0027356683276593685
1064047,0.5121524333953857,0.2154790312051773,0.2677905261516571,0.000612487259786576,0.003965537063777447
1065429,0.9897258877754211,0.01026877574622631,1.7778724270556268e-08,5.3645130719814915e-06,1.3730183052332534e-16
1070506,0.7274738550186157,0.008844338357448578,0.0008051820914261043,0.2573954164981842,0.005481259431689978
1070514,0.5809424519538879,0.0001845819060690701,1.0451568641656195e-06,0.4186443090438843,0.00022765254834666848
1080047,0.8472414612770081,0.12549489736557007,0.0012919066939502954,0.025965088978409767,6.729909728164785e-06
1082784,0.9999961853027344,9.709839332572301e-08,7.140206828570861e-12,3.711097861014423e-06,6.477412058331425e-14
1092912,0.7736561298370361,0.0017392036970704794,5.014696580474265e-05,0.22366943955421448,0.0008849676814861596
1096803,0.9994366765022278,2.8544471206259914e-05,1.9213670654494308e-08,0.0005346518009901047,1.0238747627511202e-09
1098914,0.789965033531189,0.006342974957078695,0.0004681711143348366,0.20037885010242462,0.0028449587989598513
1110459,0.8972716331481934,0.004610379226505756,0.0003084060736000538,0.09690713882446289,0.000902443309314549
1119256,0.8512059450149536,0.00025727710453793406,2.024431523750536e-06,0.14845478534698486,8.004365372471511e-05
1120332,2.229533180297949e-08,0.7355279326438904,0.2644720673561096,7.769150448845574e-13,1.004746619237551e-09
1121741,0.8675859570503235,0.07075563818216324,0.004720468074083328,0.05658997967839241,0.0003479488368611783
1134967,0.8525546789169312,0.016636505722999573,0.002060382394120097,0.1257513463497162,0.0029969981405884027
1138043,0.7491447925567627,0.0008739507757127285,1.523327318864176e-05,0.24945613741874695,0.0005098640685901046
1146140,0.3157462775707245,0.5802527070045471,0.07617373764514923,0.02742244489490986,0.0004048891132697463
1151022,0.6050483584403992,0.18217696249485016,0.17962311208248138,0.013887891545891762,0.01926366426050663
1153693,0.8685330748558044,4.108350367459934e-06,1.737811339275197e-09,0.13146157562732697,1.1108863873232622e-06
1164511,0.7549245357513428,0.2110942155122757,0.006974509451538324,0.026965413242578506,4.133415131946094e-05
1165702,0.0030943311285227537,0.49585044384002686,0.4981672763824463,0.0002009675226872787,0.002686962252482772
1166480,0.7026030421257019,0.00014728010864928365,7.112640787454438e-07,0.29714080691337585,0.00010824682249221951
1172873,0.8089041709899902,0.07593660801649094,0.044157084077596664,0.06056666001677513,0.01043544802814722
1184467,0.43899956345558167,0.38318994641304016,0.10934819281101227,0.06447196006774902,0.003990353085100651
1185944,0.7563708424568176,0.19589781761169434,0.00951791275292635,0.03809381648898125,0.00011965862358920276
1186090,0.7879348397254944,0.00730323838070035,0.0005962747964076698,0.20087359845638275,0.003292029956355691
1189192,0.9075552821159363,0.003481306368485093,0.00019435286230873317,0.08815450966358185,0.0006146511877886951
1190937,0.3379892408847809,0.6346169114112854,0.01972305402159691,0.007663033902645111,7.756242666800972e-06
1193406,0.42186442017555237,0.5171291828155518,0.0346759632229805,0.026202969253063202,0.00012748986773658544
1194553,0.8415541648864746,0.036069657653570175,0.003977795131504536,0.11627277731895447,0.002125457627698779
1199354,0.14076335728168488,0.2640867531299591,0.5221906900405884,0.0033715644385665655,0.0695875808596611
1202647,0.7566056847572327,0.0011074438225477934,2.293154102517292e-05,0.2416435182094574,0.0006205262616276741
1206694,0.7520446181297302,0.0012443333398550749,2.7944546673097648e-05,0.24596939980983734,0.0007135758060030639
1214168,1.0,0.0,0.0,1.960864294587541e-23,0.0
1228056,0.7629556655883789,0.0006914393161423504,1.026192694553174e-05,0.2359672337770462,0.0003754151111934334
1234161,0.8137021660804749,0.02472691982984543,0.004301031120121479,0.15095148980617523,0.006318480707705021
1235661,0.82646244764328,4.6745783038204536e-05,1.063628687347773e-07,0.1734732687473297,1.738973514875397e-05
1240649,0.7673178315162659,0.0005382045055739582,6.6957127273781225e-06,0.23185153305530548,0.0002856343926396221
1248359,0.7742418646812439,0.0003249929868616164,2.8326933261269005e-06,0.22526401281356812,0.0001662081340327859
1250682,0.8457142114639282,0.0004432061978150159,5.105963737150887e-06,0.15369386970996857,0.0001435616286471486
1256909,0.7490144968032837,0.0007591615431010723,1.1967337741225492e-05,0.2497708648443222,0.0004434727889019996
1260971,0.7680252194404602,7.87948229117319e-05,2.495117712442152e-07,0.2318539321422577,4.1728497308213264e-05
1266229,0.7236509323120117,0.00023921449610497802,1.6408359897468472e-06,0.2759491801261902,0.00015905575128272176
1268027,0.6491180658340454,2.4723392925807275e-05,3.329084208303357e-08,0.35083410143852234,2.303078508703038e-05
1270150,0.7234254479408264,0.00011456915672169998,4.6517013174707245e-07,0.2763831317424774,7.628073217347264e-05
1280293,0.7584236860275269,0.21147708594799042,0.009261488914489746,0.020793277770280838,4.448115942068398e-05
1284790,0.8445234298706055,0.0577533058822155,0.026829008013010025,0.06298903375864029,0.00790520291775465
1293828,0.8048205375671387,0.14605404436588287,0.0077959285117685795,0.04117485135793686,0.00015456421533599496
1302007,0.7482510209083557,0.0011235506972298026,2.342031257285271e-05,0.24994441866874695,0.000657596392557025
1303184,0.7986667156219482,0.018027236685156822,0.0024919209536165,0.17518536746501923,0.005628836806863546
1304350,0.00017152349755633622,0.5718860030174255,0.42791882157325745,4.085428031430638e-07,2.326663707208354e-05
1305522,0.7557719945907593,0.0019247367745265365,5.9131718444405124e-05,0.24116620421409607,0.0010779479052871466
1312324,0.8144963383674622,0.020022137090563774,0.002143241697922349,0.16001373529434204,0.0033244553487747908
1326954,0.6209216713905334,0.2832842171192169,0.05874443054199219,0.03601587936282158,0.001033856300637126
1331288,0.9121255278587341,0.04444858059287071,0.002395689021795988,0.0408647321164608,0.00016542515368200839
1335332,0.5203580260276794,0.46122780442237854,0.00965976994484663,0.008749769069254398,4.638735845219344e-06
1339148,0.7536683678627014,0.003692501224577427,0.00018076768901664764,0.24039031565189362,0.0020679906010627747
1344284,0.4426182806491852,0.3568832278251648,0.03421265631914139,0.16566507518291473,0.0006208274280652404
1349252,0.7082722187042236,0.0003175626916345209,2.654307309057913e-06,0.29118040204048157,0.00022718764375895262
1358928,0.8316173553466797,0.09841050207614899,0.007152728736400604,0.06237378343939781,0.0004456287424545735
1361054,0.7633810639381409,0.0009478805004619062,1.7621556253288873e-05,0.23514077067375183,0.0005127265467308462
1366198,0.7402673959732056,0.005823631305247545,0.00039355646003969014,0.2500658631324768,0.0034495003055781126
1369123,0.9604304432868958,1.4180965308696614e-06,3.6584610341172663e-10,0.039568085223436356,1.0833380059693809e-07
1369717,0.7129342555999756,0.00015543219342362136,7.819043048584717e-07,0.2868008017539978,0.0001088269054889679
1373112,0.8183997273445129,0.05839712172746658,0.0037082512862980366,0.1185820922255516,0.0009128149249590933
1384396,0.7839541435241699,0.005155004095286131,0.00032620050478726625,0.2081480622291565,0.002416647970676422
1392515,0.7663137316703796,0.0011510166805237532,2.4615019356133416e-05,0.23189863562583923,0.0006120650796219707
1393503,0.9909364581108093,6.047832721378654e-05,3.2557167628510797e-07,0.009001671336591244,1.0673343240341637e-06
1413074,0.7088428139686584,0.0002153059613192454,1.3646267689182423e-06,0.2907868027687073,0.00015367074229288846
1414165,0.7550985217094421,0.00011609902867348865,4.814918383999611e-07,0.244718998670578,6.588736141566187e-05
1421812,0.6492694616317749,0.00011746281961677596,4.797407200385351e-07,0.35050320625305176,0.00010940711945295334
1423000,0.7567168474197388,0.0003250812296755612,2.8091235435567796e-06,0.24277248978614807,0.0001828044914873317
1426330,0.7540286779403687,6.565573858097196e-05,1.813621395285736e-07,0.24586807191371918,3.746782022062689e-05
1426546,0.37191852927207947,0.6213415265083313,0.004029258154332638,0.002710549393668771,1.6925631030062505e-07
1433058,0.8411069512367249,0.03537502884864807,0.00401813630014658,0.11724730581045151,0.002252531237900257
1434513,0.7228766083717346,0.24524343013763428,0.00926790852099657,0.02257225662469864,3.979157190769911e-05
1435467,0.9079413414001465,4.2437932279426605e-06,1.9729871070239824e-09,0.09205368161201477,7.776979487061908e-07
1435859,0.7196214199066162,0.1462111622095108,0.040100134909152985,0.08860324323177338,0.00546399736776948
1436008,0.9059513211250305,0.09399870038032532,1.8333417983740219e-06,4.815698412130587e-05,9.275070403554075e-14
1437105,0.6896459460258484,0.18099798262119293,0.02341642789542675,0.10400544852018356,0.0019342261366546154
1445945,0.8331577777862549,0.0017800109926611185,5.460382089950144e-05,0.16438260674476624,0.0006250363076105714
1446828,0.7520244717597961,4.602375702233985e-05,9.863180849833952e-08,0.24790289998054504,2.6537771191215143e-05
1450575,0.7295528054237366,0.00046275800559669733,5.0887069846794475e-06,0.2696806490421295,0.00029866749537177384
1451015,0.6427527666091919,0.1890696883201599,0.027785202488303185,0.13760828971862793,0.0027840444818139076
1463296,0.8277165293693542,0.00022562623780686408,1.5769510355312377e-06,0.1719730943441391,8.319249172927812e-05
1470149,0.7050488591194153,3.730883327079937e-05,6.781295525115638e-08,0.29488667845726013,2.7103000320494175e-05
1470383,0.0032057873904705048,0.996547281742096,0.00024687417317181826,1.7668801888248709e-07,4.1857911857760485e-14
1471804,0.6006351709365845,0.2904866337776184,0.039396580308675766,0.06818018853664398,0.0013014383148401976
1480329,0.9048405289649963,0.01333812065422535,0.002003991976380348,0.07772544771432877,0.0020919039379805326
1485244,0.7371953129768372,0.2365730255842209,0.013801833614706993,0.012395896017551422,3.397751788725145e-05
1490366,0.6993066072463989,7.926342368591577e-05,2.4606680426586536e-07,0.30055463314056396,5.915188739891164e-05
1492493,0.8226433992385864,0.15774035453796387,0.0034931546542793512,0.016111986711621284,1.115212853619596e-05
1493378,0.7420682311058044,0.0023188283666968346,8.092401549220085e-05,0.25414085388183594,0.0013911065179854631
1505342,0.8994190692901611,0.0998566597700119,0.00013543313252739608,0.0005888532032258809,1.778708180744104e-09
1509818,0.7794939875602722,0.002469137776643038,9.17956858756952e-05,0.2167351245880127,0.0012099635787308216
1513690,0.8201613426208496,0.004775377456098795,0.00029400092898868024,0.17297899723052979,0.0017901638057082891
1520690,0.04083811491727829,0.7260606288909912,0.2309102714061737,0.0015698432689532638,0.0006211951258592308
1534260,0.7544409036636353,6.651126022916287e-05,1.854609479323699e-07,0.24545447528362274,3.787428795476444e-05
1536862,0.7651509046554565,0.0022182315587997437,7.577482028864324e-05,0.23137584328651428,0.0011792280711233616
1556669,0.7948368787765503,0.011102722957730293,0.0011951519409194589,0.18843680620193481,0.0044285510666668415
1557235,0.6934397220611572,0.00045418000081554055,4.8833071559784e-06,0.3057534098625183,0.00034785817842930555
1558598,0.7181457877159119,0.2677556574344635,0.008088355883955956,0.006005579140037298,4.6381233005377e-06
1577044,0.7641124725341797,0.006503273267298937,0.0004812153638340533,0.22552400827407837,0.0033790909219533205
1585652,0.7449206709861755,0.0008030015742406249,1.315350800723536e-05,0.2537841498851776,0.0004789578088093549
1595704,0.783750057220459,0.005261256359517574,0.0003378199180588126,0.20818333327770233,0.0024675210006535053
1599738,0.6361204981803894,0.23324985802173615,0.047824710607528687,0.0797753632068634,0.0030295399483293295
1603199,0.9367983937263489,0.0011302073253318667,3.0574439733754843e-05,0.06190375238656998,0.00013718516856897622
1605951,0.7914996147155762,0.01842486672103405,0.0029854888562113047,0.17966552078723907,0.007424520328640938
1613202,0.7288902401924133,0.005361690651625395,0.0003399412671569735,0.26203468441963196,0.003373539075255394
1614520,0.7206589579582214,0.00038112892070785165,3.6397689200384775e-06,0.2786993384361267,0.0002569768694229424
1627571,0.7186760902404785,0.00031994673190638423,2.695807324926136e-06,0.28078338503837585,0.00021784810815006495
1631537,0.5901535749435425,4.7345488383143675e-06,1.9720363120256934e-09,0.4098361134529114,5.61984279556782e-06
1632339,0.7494651079177856,0.00013098878844175488,5.905466764488665e-07,0.2503266930580139,7.655139052076265e-05
1639100,0.7645254731178284,0.0008882781257852912,1.5774752682773396e-05,0.2340928465127945,0.00047769214143045247
1640969,0.7825132012367249,0.0033364626578986645,0.00015421761781908572,0.21239860355854034,0.0015975198475643992
1641582,0.865363597869873,0.0021861065179109573,8.076019730651751e-05,0.1317724585533142,0.0005970177007839084
1644007,5.954523658147082e-06,0.4378400146961212,0.562147855758667,6.872303170979421e-09,6.164921614981722e-06
1651905,0.9304538369178772,0.006440315395593643,0.0006037133862264454,0.06171660125255585,0.0007854863652028143
1654293,0.7416132688522339,0.00018942452152259648,1.1070973187088384e-06,0.25808095932006836,0.00011522974818944931
1665335,0.7573902010917664,0.00012614148727152497,5.555550046665303e-07,0.24241241812705994,7.072685548337176e-05
1674816,0.811368465423584,0.15080733597278595,0.009204286150634289,0.028505535796284676,0.00011430578160798177
1676525,0.5086615085601807,0.4712468385696411,0.006750768516212702,0.013336190022528172,4.6414411372097675e-06
1678005,0.766746461391449,0.0009141354821622372,1.6588362996117212e-05,0.23183727264404297,0.0004856372543144971
1690887,0.9423420429229736,0.006185153499245644,0.0005904174176976085,0.0502718985080719,0.0006105778738856316
1699289,0.7653853297233582,0.00040216915658675134,4.061092113261111e-06,0.23399245738983154,0.0002158383431378752
1711176,0.7537277340888977,0.0001699309650575742,9.238289635504771e-07,0.2460043877363205,9.712458995636553e-05
1715807,0.6405208706855774,0.0003388233599252999,2.9422956231428543e-06,0.3588100075721741,0.00032735339482314885
1719912,0.7365511655807495,0.0007354961126111448,1.1280488251941279e-05,0.2622441053390503,0.0004578554071485996
1724380,0.7299211621284485,0.03192923218011856,0.003140070242807269,0.2319016009569168,0.0031079610344022512
1726025,0.767781138420105,0.003596664872020483,0.0001739834842737764,0.22658032178878784,0.0018678836058825254
1733878,1.0,1.0163663312209495e-18,2.3433513361721413e-29,1.3736313475565254e-10,6.130678578724888e-29
1747016,0.7426546812057495,0.0005276973242871463,6.402061444532592e-06,0.2564923167228699,0.00031886561191640794
1751878,0.7785677313804626,0.0018454039236530662,5.566873733187094e-05,0.21861834824085236,0.000912820512894541
1752005,0.0005701021291315556,0.06901270151138306,0.8927829265594482,3.187104539392749e-06,0.03763103485107422
1754450,0.7573328614234924,0.0002983440936077386,2.425839511488448e-06,0.24219907820224762,0.00016724274610169232
1756047,0.7682750225067139,0.0012214303715154529,2.7279655114398338e-05,0.22983390092849731,0.0006423216545954347
1762553,0.9424694776535034,0.02040945552289486,0.0016951713478192687,0.03515097126364708,0.00027497310657054186
1764759,0.8624077439308167,0.003472374053671956,0.0001781868631951511,0.13298149406909943,0.0009602122008800507
1777970,0.6939767003059387,0.268452525138855,0.011801540851593018,0.025709133595228195,6.003524686093442e-05
1781068,0.005809880327433348,0.2700791358947754,0.715869665145874,5.528161636902951e-05,0.008185950107872486
1787451,0.6930499076843262,7.39035676815547e-05,2.1800687477480096e-07,0.3068191707134247,5.6758421123959124e-05
1794394,0.8045313954353333,0.024203084409236908,0.0021653780713677406,0.1664624810218811,0.002637761877849698
1814134,0.6439530253410339,0.00016233097994700074,8.34656475490192e-07,0.3557291328907013,0.0001546490384498611
1821236,0.7547491192817688,0.07615587115287781,0.03929975628852844,0.1098434329032898,0.019951798021793365
1828052,0.7125993967056274,0.000878910708706826,1.5193791114143096e-05,0.2858920693397522,0.0006144563085399568
1835539,0.5447486639022827,0.08586332201957703,0.04510634019970894,0.2544763386249542,0.06980528682470322
1839093,0.47330793738365173,0.5167657136917114,0.005652878433465958,0.004272753838449717,6.616842256335076e-07
1841877,0.7215337157249451,5.649486047332175e-05,1.3856839586878777e-07,0.2783716320991516,3.795621159952134e-05
1843539,0.9996079802513123,3.4353524824837223e-07,1.0385406423729648e-10,0.0003917323483619839,2.857527547917016e-10
1846339,0.6822248697280884,0.23689375817775726,0.03201080858707428,0.04808099940419197,0.0007894336013123393
1851606,0.7816879749298096,0.20121322572231293,0.0038107112050056458,0.013281384482979774,6.7170731199439615e-06
1860775,0.7589266300201416,0.00031630718149244785,2.6832763069251087e-06,0.24057859182357788,0.00017580800340510905
1862618,0.821799099445343,0.051739998161792755,0.006375778932124376,0.1175883412361145,0.002496814588084817
1864056,0.7818318605422974,0.005270202644169331,0.0003384006558917463,0.2100602388381958,0.0024992921389639378
1871217,0.8625606298446655,0.0002258642780361697,1.643279006202647e-06,0.13714760541915894,6.423119339160621e-05
1880010,0.7001942992210388,0.252963125705719,0.021139105781912804,0.025544878095388412,0.0001585454010637477
1894018,0.7466660141944885,0.0029440901707857847,0.0001221343845827505,0.24854940176010132,0.0017184040043503046
1915246,0.762004017829895,0.0002853298210538924,2.252420244985842e-06,0.23755230009555817,0.00015602832718286663
1923488,0.799231231212616,0.14907285571098328,0.00836082361638546,0.04315736144781113,0.00017772246792446822
1927679,0.7380179762840271,0.021494416519999504,0.0024183588102459908,0.2329651266336441,0.005104208830744028
1929662,0.7740923166275024,0.0023007835261523724,8.106454333756119e-05,0.2223622053861618,0.001163650886155665
1933666,0.740857720375061,0.16720040142536163,0.020758911967277527,0.07001836597919464,0.001164597226306796
1933691,0.7672042846679688,0.14899194240570068,0.016548341140151024,0.06634222716093063,0.0009132087579928339
1943449,0.7511930465698242,6.56906413496472e-05,1.813037187048394e-07,0.2487030178308487,3.804625157499686e-05
1946210,0.752924919128418,6.988350651226938e-05,2.0171411563296715e-07,0.24696487188339233,4.0111819544108585e-05
1951679,0.9914946556091309,0.00021189717517700046,1.5573590417261585e-06,0.008290503174066544,1.3813063333145692e-06
1956654,0.766139030456543,0.000640861748252064,9.02413285075454e-06,0.23286892473697662,0.00034211447928100824
1957937,0.7648612260818481,0.0008501310367137194,1.4634302715421654e-05,0.23381750285625458,0.0004564473347272724
1962241,0.7290613055229187,0.00012442015577107668,5.366739515011432e-07,0.27073314785957336,8.058966341195628e-05
1968533,0.8874172568321228,0.06041520833969116,0.0030912449583411217,0.04888462647795677,0.00019165760022588074
1970228,0.4992583096027374,0.47426754236221313,0.02073526382446289,0.005730758886784315,8.063315362960566e-06
1973406,0.8239767551422119,0.0005258283927105367,6.693247087241616e-06,0.1752922385931015,0.00019849401724059135
1990022,0.6763428449630737,0.23451893031597137,0.03499825298786163,0.053085796535015106,0.001054183579981327
1994213,0.9082787036895752,8.053658530116081e-05,3.0467043643511715e-07,0.0916256383061409,1.4715012184751686e-05
1997027,0.7773149609565735,0.0022445283830165863,7.783593173371628e-05,0.21924757957458496,0.0011152316583320498
1999678,0.7460417151451111,0.0010355436243116856,2.0346549717942253e-05,0.2522890567779541,0.0006133322021923959
2002297,0.6605936288833618,0.0001531752641312778,7.562099995084282e-07,0.3391164541244507,0.00013589109585154802
2003910,0.7460295557975769,0.00253280415199697,9.430768113816157e-05,0.24985632300376892,0.0014869763981550932
2008100,0.7022295594215393,0.28794538974761963,0.004427406936883926,0.005396281369030476,1.4351419395097764e-06
2018613,0.6168739795684814,0.30734461545944214,0.03563617914915085,0.0396609753370285,0.0004843427741434425
2023282,0.8827909231185913,0.002458109986037016,0.00010151774768019095,0.11407685279846191,0.0005724558141082525
2027682,0.7896863222122192,0.0001341736933682114,6.285386575655139e-07,0.21011601388454437,6.288018630584702e-05
2034852,0.9654342532157898,0.0011462284019216895,3.6228233511792496e-05,0.033309195190668106,7.40346877137199e-05
2041583,0.8733357191085815,0.06976582109928131,0.006344306282699108,0.05008237436413765,0.0004716948023997247
2049638,0.7506073713302612,0.0004990968154743314,5.838155630044639e-06,0.24859808385372162,0.00028954652952961624
2053009,0.8332356810569763,0.00031292930361814797,2.7759740532928845e-06,0.16633759438991547,0.00011101520794909447
2057385,0.6939407587051392,0.00039098321576602757,3.778487325689639e-06,0.30536559224128723,0.0002988479391206056
2061921,0.7834323644638062,0.18321622908115387,0.012742510996758938,0.020520377904176712,8.856175554683432e-05
2084170,0.7157193422317505,0.0001517877826699987,7.513280593229865e-07,0.284023255109787,0.00010487644613021985
2089365,0.7628101706504822,0.0017418611096218228,4.99933521496132e-05,0.23445741832256317,0.0009406031458638608
2092868,0.7870268225669861,0.16128021478652954,0.012749365530908108,0.03868609666824341,0.00025757960975170135
2105583,0.5282524824142456,0.33779871463775635,0.028034381568431854,0.10526270419359207,0.000651772425044328
2106181,0.5427464842796326,0.00021414797811303288,1.359444127047027e-06,0.4567309617996216,0.0003070725651923567
2106329,0.7879271507263184,1.0745920008048415e-05,8.331855205767624e-09,0.21205709874629974,5.083861196908401e-06
2109850,0.8220539689064026,2.7443024009699002e-05,4.256390795376319e-08,0.17790807783603668,1.0513101187825669e-05
2116394,0.7375799417495728,2.214958476542961e-05,2.8039792709932954e-08,0.26238420605659485,1.374546263832599e-05
2118903,0.7526800036430359,0.0030129055958241224,0.0001274066453333944,0.24247615039348602,0.0017035381169989705
2119760,0.7531921863555908,0.0003739291278179735,3.564529833965935e-06,0.2462160885334015,0.00021415684022940695
2134859,0.7734353542327881,0.0011891225585713983,2.6126837838091888e-05,0.22474157810211182,0.0006079004378989339
2137054,0.7616850137710571,0.0006746156723238528,9.831825991568621e-06,0.23726166784763336,0.00036882187123410404
2141488,0.7939022183418274,0.05753983184695244,0.0027633204590529203,0.14526686072349548,0.0005278211901895702
2154537,0.7644129991531372,0.0004323505563661456,4.594681740854867e-06,0.2349168062210083,0.0002332247095182538
2160293,0.7097503542900085,0.0012025564210489392,2.5981782528106123e-05,0.2881704270839691,0.0008507007150910795
2166631,0.774533212184906,0.00410637678578496,0.00021931326773483306,0.21909426152706146,0.0020468570291996002
2168761,0.8652039170265198,6.080744014980155e-07,6.569874505535367e-11,0.13479527831077576,1.6888708387341467e-07
2168948,0.527370035648346,0.12974682450294495,0.03757302463054657,0.2855842113494873,0.019725866615772247
2171647,0.7749531865119934,0.0015880584251135588,4.293867095839232e-05,0.22261276841163635,0.0008029983728192747
2173020,0.7333674430847168,1.397976575390203e-05,1.2734056475949274e-08,0.2666097581386566,8.857592547428794e-06
2175005,0.8545409440994263,0.10106710344552994,0.005358527880162001,0.03889373689889908,0.00013966909318696707
2175802,0.8663332462310791,0.042039137333631516,0.014963001012802124,0.070411317050457,0.006253266241401434
2181334,0.760284960269928,0.0005735030863434076,7.43944974601618e-06,0.2388179898262024,0.0003160695778205991
2182235,0.8466047048568726,0.00020806629618164152,1.3998501344758552e-06,0.15311875939369202,6.704952102154493e-05
2208229,0.8498548865318298,0.15013496577739716,4.500653858485748e-07,9.711937309475616e-06,5.938309765183484e-16
2215456,0.7421211004257202,0.0006445891922339797,9.017290722113103e-06,0.256835013628006,0.00039032677887007594
2218340,0.7646832466125488,0.0003917035646736622,3.880423264490673e-06,0.23471014201641083,0.00021103190374560654
2226258,0.7876133322715759,0.19934362173080444,0.004378359764814377,0.008660050109028816,4.694716153608169e-06
2226537,0.616584837436676,0.15472204983234406,0.06358946859836578,0.1446244716644287,0.020479224622249603
2230977,0.7543289661407471,0.00013836230209562927,6.499589630948321e-07,0.2454531043767929,7.883766375016421e-05
2234338,0.7505400776863098,8.855303167365491e-05,3.022315695488942e-07,0.24931961297988892,5.14644525537733e-05
2241956,0.8058149218559265,0.010782542638480663,0.0006983306375332177,0.1807752400636673,0.001929010613821447
2245158,0.9833092093467712,0.0006177595350891352,1.5046004591567907e-05,0.016038846224546432,1.9273262296337634e-05
2245693,0.591317355632782,1.7680960809229873e-05,1.881328870467769e-08,0.40864408016204834,2.0905688870698214e-05
2246113,0.7683539986610413,0.0006248410209082067,8.65098354552174e-06,0.23068293929100037,0.0003295910428278148
2247604,0.730932891368866,0.0002531146164983511,1.8116397768608294e-06,0.26864975690841675,0.00016239342221524566
2255396,0.7848869562149048,0.12818753719329834,0.02091910131275654,0.06442117691040039,0.0015852965880185366
2255815,0.7127793431282043,4.8836813220987096e-05,1.0772497205380205e-07,0.287137508392334,3.4213808248750865e-05
2257477,0.7819124460220337,0.004268030170351267,0.00023540254915133119,0.21154670417308807,0.002037451136857271
2267260,0.7655908465385437,0.0036738808266818523,0.00018024469318334013,0.22862496972084045,0.0019300722051411867
2267358,0.7633346319198608,0.000664426595903933,9.586525266058743e-06,0.23563125729560852,0.00036006668233312666
2270714,0.7320672273635864,1.6774554751464166e-05,1.738908572690434e-08,0.2679053544998169,1.0698195183067583e-05
2273001,0.817450225353241,0.019271129742264748,0.0017887722933664918,0.15883484482765198,0.0026550276670604944
2273253,0.7640144228935242,0.06654135882854462,0.005547387525439262,0.16265544295310974,0.0012414163211360574
2274252,0.493918776512146,0.18853314220905304,0.007997768931090832,0.3093354403972626,0.0002148431376554072
2277612,0.840358555316925,0.0011370558058843017,2.550712633819785e-05,0.15809781849384308,0.00038112892070785165
2288264,0.7483673095703125,5.198089638724923e-05,1.2129596882459737e-07,0.2515500485897064,3.054747503483668e-05
2302779,0.7563192844390869,0.00014816105249337852,7.313967671507271e-07,0.24344825744628906,8.354112651431933e-05
2311189,0.3683714270591736,0.5592023730278015,0.053494662046432495,0.018787963315844536,0.00014360607019625604
2321267,0.7596742510795593,0.0004040295898448676,4.081945462530712e-06,0.23969413340091705,0.00022358557907864451
2323516,0.7736474871635437,0.0010715718381106853,2.186046913266182e-05,0.22471153736114502,0.0005475524812936783
2331584,0.6455339789390564,0.233382448554039,0.03672109544277191,0.08226000517606735,0.002102553378790617
2332284,0.7452482581138611,0.00620686961337924,0.00044011365389451385,0.244530588388443,0.0035742635373026133
2333594,0.8100014925003052,6.333134479064029e-06,3.4232976453552055e-09,0.18998953700065613,2.6208001600025455e-06
2334708,0.8531175255775452,0.09027513116598129,0.004240167327225208,0.05218727886676788,0.00017988077888730913
2340383,0.7623866200447083,0.10512329638004303,0.010037126019597054,0.12136521190404892,0.0010877801105380058
2350163,1.0,4.81305762765112e-27,0.0,2.4067783216058924e-21,0.0
2355050,0.9157760739326477,0.07984718680381775,0.0005241772742010653,0.003852210706099868,2.564285637163266e-07
2356040,0.7678831815719604,0.000622815452516079,8.600894943811e-06,0.23115594685077667,0.00032937165815383196
2360336,0.42858004570007324,0.5231950283050537,0.02691214345395565,0.021249109879136086,6.367764581227675e-05
2362845,0.7363128066062927,3.4130287531297654e-05,5.875461894788714e-08,0.26363158226013184,2.131968540197704e-05
2367846,0.7694613933563232,0.0026457880157977343,0.00010277253022650257,0.22642014920711517,0.0013699273113161325
2374265,0.7732775807380676,0.000408501218771562,4.188526872894727e-06,0.22609977424144745,0.00020995379600208253
2381863,0.8160279393196106,0.0001263633166672662,5.783585379504075e-07,0.18379470705986023,5.037095979787409e-05
2387168,0.7606363892555237,0.00021853459475096315,1.4256980875870795e-06,0.23902317881584167,0.00012040977890137583
2397174,0.7616412043571472,0.00025265556178055704,1.8286385738974786e-06,0.23796585202217102,0.0001384475181112066
2403976,0.7979860901832581,0.00048282623174600303,5.66356993658701e-06,0.2013102024793625,0.00021504955657292157
2404265,0.7498787641525269,5.631488238577731e-05,1.3920777064413414e-07,0.25003188848495483,3.28377827827353e-05
2404589,0.7653782367706299,0.00029031216399744153,2.32404795497132e-06,0.2341732382774353,0.0001558913354529068
2405447,0.813309371471405,0.10096411406993866,0.013691801577806473,0.07066452503204346,0.0013700323179364204
2406846,0.6234517097473145,0.33504021167755127,0.014227312989532948,0.027218515053391457,6.227159610716626e-05
2412637,0.7693597078323364,0.0009051230154000223,1.6331259757862426e-05,0.22924479842185974,0.0004740558215416968
2419317,0.8244760632514954,0.16324540972709656,0.003794476157054305,0.008478931151330471,4.99083489557961e-06
2419370,0.7304527163505554,7.338781870203093e-05,2.17462385876388e-07,0.26942652463912964,4.720836295746267e-05
2421907,0.7466904520988464,0.0001639353286009282,8.661403967380465e-07,0.25304749608039856,9.718007640913129e-05
2426754,0.7553682923316956,0.00016189212328754365,8.508876021551259e-07,0.2443772554397583,9.173891157843173e-05
2427736,0.9803767204284668,0.00688794394955039,8.077335223788396e-05,0.012650879099965096,3.7615377550537232e-06
